-- phpMyAdmin SQL Dump
-- version 4.6.5.2
-- https://www.phpmyadmin.net/
--
-- Host: 127.0.0.1
-- Generation Time: May 23, 2017 at 01:51 AM
-- Server version: 10.1.21-MariaDB
-- PHP Version: 5.6.30

SET SQL_MODE = "NO_AUTO_VALUE_ON_ZERO";
SET time_zone = "+00:00";


/*!40101 SET @OLD_CHARACTER_SET_CLIENT=@@CHARACTER_SET_CLIENT */;
/*!40101 SET @OLD_CHARACTER_SET_RESULTS=@@CHARACTER_SET_RESULTS */;
/*!40101 SET @OLD_COLLATION_CONNECTION=@@COLLATION_CONNECTION */;
/*!40101 SET NAMES utf8mb4 */;

--
-- Database: `restaurants`
--

-- --------------------------------------------------------

--
-- Table structure for table `booked_seats`
--

CREATE TABLE `booked_seats` (
  `id_booked` int(11) NOT NULL,
  `id_bookings` int(11) NOT NULL,
  `id_days` int(11) NOT NULL,
  `id_introduce` int(11) NOT NULL,
  `status` enum('confirmed','requested','waitlisted','declined','reschedule') COLLATE utf8_unicode_ci NOT NULL,
  `guest` varchar(100) COLLATE utf8_unicode_ci DEFAULT NULL,
  `number` int(11) NOT NULL
) ENGINE=MyISAM DEFAULT CHARSET=utf8 COLLATE=utf8_unicode_ci;

-- --------------------------------------------------------

--
-- Table structure for table `bookings`
--

CREATE TABLE `bookings` (
  `id_bookings` int(11) NOT NULL,
  `name` varchar(100) COLLATE utf8_unicode_ci NOT NULL,
  `email` varchar(100) COLLATE utf8_unicode_ci NOT NULL,
  `phone` int(11) DEFAULT NULL,
  `type` enum('individual','group') COLLATE utf8_unicode_ci NOT NULL
) ENGINE=MyISAM DEFAULT CHARSET=utf8 COLLATE=utf8_unicode_ci;

-- --------------------------------------------------------

--
-- Table structure for table `calendar`
--

CREATE TABLE `calendar` (
  `id` int(200) NOT NULL,
  `employer_id` int(100) NOT NULL,
  `ngay_lam` int(2) NOT NULL,
  `ca_lam_viec` int(2) NOT NULL,
  `month` int(2) NOT NULL,
  `year` int(4) NOT NULL,
  `created_at` timestamp NOT NULL DEFAULT CURRENT_TIMESTAMP ON UPDATE CURRENT_TIMESTAMP
) ENGINE=InnoDB DEFAULT CHARSET=utf8 COLLATE=utf8_unicode_ci;

--
-- Dumping data for table `calendar`
--

INSERT INTO `calendar` (`id`, `employer_id`, `ngay_lam`, `ca_lam_viec`, `month`, `year`, `created_at`) VALUES
(28, 7, 1, 1, 6, 2017, '2017-05-10 14:47:02'),
(29, 7, 7, 1, 6, 2017, '2017-05-10 14:47:02'),
(30, 7, 11, 1, 6, 2017, '2017-05-10 14:47:02'),
(31, 7, 13, 1, 6, 2017, '2017-05-10 14:47:02'),
(32, 7, 18, 1, 6, 2017, '2017-05-10 14:47:02'),
(33, 7, 22, 1, 6, 2017, '2017-05-10 14:47:02'),
(34, 7, 23, 1, 6, 2017, '2017-05-10 14:47:02'),
(35, 7, 27, 1, 6, 2017, '2017-05-10 14:47:02'),
(36, 7, 29, 1, 6, 2017, '2017-05-10 14:47:02'),
(37, 7, 2, 2, 6, 2017, '2017-05-10 14:47:03'),
(38, 7, 3, 2, 6, 2017, '2017-05-10 14:47:03'),
(39, 7, 5, 2, 6, 2017, '2017-05-10 14:47:03'),
(40, 7, 6, 2, 6, 2017, '2017-05-10 14:47:03'),
(41, 7, 8, 2, 6, 2017, '2017-05-10 14:47:03'),
(42, 7, 10, 2, 6, 2017, '2017-05-10 14:47:03'),
(43, 7, 12, 2, 6, 2017, '2017-05-10 14:47:03'),
(44, 7, 14, 2, 6, 2017, '2017-05-10 14:47:03'),
(45, 7, 16, 2, 6, 2017, '2017-05-10 14:47:03'),
(46, 7, 17, 2, 6, 2017, '2017-05-10 14:47:03'),
(47, 7, 19, 2, 6, 2017, '2017-05-10 14:47:03'),
(48, 7, 21, 2, 6, 2017, '2017-05-10 14:47:03'),
(49, 7, 24, 2, 6, 2017, '2017-05-10 14:47:03'),
(50, 7, 25, 2, 6, 2017, '2017-05-10 14:47:03'),
(51, 7, 28, 2, 6, 2017, '2017-05-10 14:47:03'),
(52, 7, 4, 3, 6, 2017, '2017-05-10 14:47:03'),
(53, 7, 9, 3, 6, 2017, '2017-05-10 14:47:03'),
(54, 7, 15, 3, 6, 2017, '2017-05-10 14:47:03'),
(55, 7, 20, 3, 6, 2017, '2017-05-10 14:47:03'),
(56, 7, 26, 3, 6, 2017, '2017-05-10 14:47:03'),
(57, 7, 30, 3, 6, 2017, '2017-05-10 14:47:03'),
(58, 8, 4, 1, 6, 2017, '2017-05-10 14:47:03'),
(59, 8, 8, 1, 6, 2017, '2017-05-10 14:47:03'),
(60, 8, 12, 1, 6, 2017, '2017-05-10 14:47:03'),
(61, 8, 13, 1, 6, 2017, '2017-05-10 14:47:03'),
(62, 8, 17, 1, 6, 2017, '2017-05-10 14:47:03'),
(63, 8, 21, 1, 6, 2017, '2017-05-10 14:47:03'),
(64, 8, 24, 1, 6, 2017, '2017-05-10 14:47:04'),
(65, 8, 25, 1, 6, 2017, '2017-05-10 14:47:04'),
(66, 8, 28, 1, 6, 2017, '2017-05-10 14:47:04'),
(67, 8, 1, 2, 6, 2017, '2017-05-10 14:47:04'),
(68, 8, 2, 2, 6, 2017, '2017-05-10 14:47:04'),
(69, 8, 5, 2, 6, 2017, '2017-05-10 14:47:04'),
(70, 8, 11, 2, 6, 2017, '2017-05-10 14:47:04'),
(71, 8, 14, 2, 6, 2017, '2017-05-10 14:47:04'),
(72, 8, 16, 2, 6, 2017, '2017-05-10 14:47:04'),
(73, 8, 18, 2, 6, 2017, '2017-05-10 14:47:04'),
(74, 8, 19, 2, 6, 2017, '2017-05-10 14:47:04'),
(75, 8, 20, 2, 6, 2017, '2017-05-10 14:47:04'),
(76, 8, 26, 2, 6, 2017, '2017-05-10 14:47:04'),
(77, 8, 27, 2, 6, 2017, '2017-05-10 14:47:04'),
(78, 8, 3, 3, 6, 2017, '2017-05-10 14:47:04'),
(79, 8, 6, 3, 6, 2017, '2017-05-10 14:47:04'),
(80, 8, 7, 3, 6, 2017, '2017-05-10 14:47:04'),
(81, 8, 9, 3, 6, 2017, '2017-05-10 14:47:04'),
(82, 8, 10, 3, 6, 2017, '2017-05-10 14:47:04'),
(83, 8, 15, 3, 6, 2017, '2017-05-10 14:47:04'),
(84, 8, 22, 3, 6, 2017, '2017-05-10 14:47:04'),
(85, 8, 23, 3, 6, 2017, '2017-05-10 14:47:04'),
(86, 8, 29, 3, 6, 2017, '2017-05-10 14:47:04'),
(87, 8, 30, 3, 6, 2017, '2017-05-10 14:47:04'),
(88, 9, 2, 1, 6, 2017, '2017-05-10 14:47:04'),
(89, 9, 7, 1, 6, 2017, '2017-05-10 14:47:05'),
(90, 9, 11, 1, 6, 2017, '2017-05-10 14:47:05'),
(91, 9, 14, 1, 6, 2017, '2017-05-10 14:47:05'),
(92, 9, 16, 1, 6, 2017, '2017-05-10 14:47:05'),
(93, 9, 21, 1, 6, 2017, '2017-05-10 14:47:05'),
(94, 9, 25, 1, 6, 2017, '2017-05-10 14:47:05'),
(95, 9, 29, 1, 6, 2017, '2017-05-10 14:47:05'),
(96, 9, 1, 2, 6, 2017, '2017-05-10 14:47:05'),
(97, 9, 4, 2, 6, 2017, '2017-05-10 14:47:05'),
(98, 9, 5, 2, 6, 2017, '2017-05-10 14:47:05'),
(99, 9, 6, 2, 6, 2017, '2017-05-10 14:47:05'),
(100, 9, 8, 2, 6, 2017, '2017-05-10 14:47:05'),
(101, 9, 10, 2, 6, 2017, '2017-05-10 14:47:05'),
(102, 9, 12, 2, 6, 2017, '2017-05-10 14:47:05'),
(103, 9, 15, 2, 6, 2017, '2017-05-10 14:47:05'),
(104, 9, 17, 2, 6, 2017, '2017-05-10 14:47:05'),
(105, 9, 20, 2, 6, 2017, '2017-05-10 14:47:05'),
(106, 9, 22, 2, 6, 2017, '2017-05-10 14:47:05'),
(107, 9, 24, 2, 6, 2017, '2017-05-10 14:47:05'),
(108, 9, 26, 2, 6, 2017, '2017-05-10 14:47:05'),
(109, 9, 28, 2, 6, 2017, '2017-05-10 14:47:05'),
(110, 9, 30, 2, 6, 2017, '2017-05-10 14:47:05'),
(111, 9, 3, 3, 6, 2017, '2017-05-10 14:47:05'),
(112, 9, 9, 3, 6, 2017, '2017-05-10 14:47:05'),
(113, 9, 13, 3, 6, 2017, '2017-05-10 14:47:05'),
(114, 9, 18, 3, 6, 2017, '2017-05-10 14:47:05'),
(115, 9, 19, 3, 6, 2017, '2017-05-10 14:47:06'),
(116, 9, 23, 3, 6, 2017, '2017-05-10 14:47:06'),
(117, 9, 27, 3, 6, 2017, '2017-05-10 14:47:06'),
(118, 13, 1, 1, 6, 2017, '2017-05-10 14:47:06'),
(119, 13, 2, 1, 6, 2017, '2017-05-10 14:47:06'),
(120, 13, 7, 1, 6, 2017, '2017-05-10 14:47:06'),
(121, 13, 10, 1, 6, 2017, '2017-05-10 14:47:06'),
(122, 13, 12, 1, 6, 2017, '2017-05-10 14:47:06'),
(123, 13, 13, 1, 6, 2017, '2017-05-10 14:47:06'),
(124, 13, 14, 1, 6, 2017, '2017-05-10 14:47:06'),
(125, 13, 18, 1, 6, 2017, '2017-05-10 14:47:06'),
(126, 13, 23, 1, 6, 2017, '2017-05-10 14:47:06'),
(127, 13, 27, 1, 6, 2017, '2017-05-10 14:47:06'),
(128, 13, 28, 1, 6, 2017, '2017-05-10 14:47:06'),
(129, 13, 30, 1, 6, 2017, '2017-05-10 14:47:06'),
(130, 13, 3, 2, 6, 2017, '2017-05-10 14:47:06'),
(131, 13, 5, 2, 6, 2017, '2017-05-10 14:47:06'),
(132, 13, 6, 2, 6, 2017, '2017-05-10 14:47:06'),
(133, 13, 11, 2, 6, 2017, '2017-05-10 14:47:06'),
(134, 13, 16, 2, 6, 2017, '2017-05-10 14:47:06'),
(135, 13, 17, 2, 6, 2017, '2017-05-10 14:47:07'),
(136, 13, 19, 2, 6, 2017, '2017-05-10 14:47:07'),
(137, 13, 22, 2, 6, 2017, '2017-05-10 14:47:07'),
(138, 13, 24, 2, 6, 2017, '2017-05-10 14:47:07'),
(139, 13, 29, 2, 6, 2017, '2017-05-10 14:47:07'),
(140, 13, 4, 3, 6, 2017, '2017-05-10 14:47:07'),
(141, 13, 8, 3, 6, 2017, '2017-05-10 14:47:07'),
(142, 13, 9, 3, 6, 2017, '2017-05-10 14:47:07'),
(143, 13, 15, 3, 6, 2017, '2017-05-10 14:47:07'),
(144, 13, 20, 3, 6, 2017, '2017-05-10 14:47:07'),
(145, 13, 21, 3, 6, 2017, '2017-05-10 14:47:07'),
(146, 13, 25, 3, 6, 2017, '2017-05-10 14:47:07'),
(147, 13, 26, 3, 6, 2017, '2017-05-10 14:47:07'),
(148, 14, 3, 1, 6, 2017, '2017-05-10 14:47:07'),
(149, 14, 8, 1, 6, 2017, '2017-05-10 14:47:07'),
(150, 14, 9, 1, 6, 2017, '2017-05-10 14:47:07'),
(151, 14, 12, 1, 6, 2017, '2017-05-10 14:47:07'),
(152, 14, 17, 1, 6, 2017, '2017-05-10 14:47:07'),
(153, 14, 18, 1, 6, 2017, '2017-05-10 14:47:07'),
(154, 14, 19, 1, 6, 2017, '2017-05-10 14:47:07'),
(155, 14, 23, 1, 6, 2017, '2017-05-10 14:47:07'),
(156, 14, 25, 1, 6, 2017, '2017-05-10 14:47:07'),
(157, 14, 1, 2, 6, 2017, '2017-05-10 14:47:07'),
(158, 14, 2, 2, 6, 2017, '2017-05-10 14:47:08'),
(159, 14, 4, 2, 6, 2017, '2017-05-10 14:47:08'),
(160, 14, 6, 2, 6, 2017, '2017-05-10 14:47:08'),
(161, 14, 7, 2, 6, 2017, '2017-05-10 14:47:08'),
(162, 14, 13, 2, 6, 2017, '2017-05-10 14:47:08'),
(163, 14, 15, 2, 6, 2017, '2017-05-10 14:47:08'),
(164, 14, 16, 2, 6, 2017, '2017-05-10 14:47:08'),
(165, 14, 21, 2, 6, 2017, '2017-05-10 14:47:08'),
(166, 14, 22, 2, 6, 2017, '2017-05-10 14:47:08'),
(167, 14, 28, 2, 6, 2017, '2017-05-10 14:47:08'),
(168, 14, 29, 2, 6, 2017, '2017-05-10 14:47:08'),
(169, 14, 5, 3, 6, 2017, '2017-05-10 14:47:08'),
(170, 14, 10, 3, 6, 2017, '2017-05-10 14:47:08'),
(171, 14, 14, 3, 6, 2017, '2017-05-10 14:47:08'),
(172, 14, 20, 3, 6, 2017, '2017-05-10 14:47:08'),
(173, 14, 24, 3, 6, 2017, '2017-05-10 14:47:08'),
(174, 14, 26, 3, 6, 2017, '2017-05-10 14:47:08'),
(175, 14, 27, 3, 6, 2017, '2017-05-10 14:47:08'),
(176, 14, 30, 3, 6, 2017, '2017-05-10 14:47:08'),
(177, 15, 3, 1, 6, 2017, '2017-05-10 14:47:09'),
(178, 15, 10, 1, 6, 2017, '2017-05-10 14:47:09'),
(179, 15, 19, 1, 6, 2017, '2017-05-10 14:47:09'),
(180, 15, 20, 1, 6, 2017, '2017-05-10 14:47:09'),
(181, 15, 21, 1, 6, 2017, '2017-05-10 14:47:09'),
(182, 15, 27, 1, 6, 2017, '2017-05-10 14:47:09'),
(183, 15, 1, 2, 6, 2017, '2017-05-10 14:47:09'),
(184, 15, 2, 2, 6, 2017, '2017-05-10 14:47:09'),
(185, 15, 4, 2, 6, 2017, '2017-05-10 14:47:09'),
(186, 15, 6, 2, 6, 2017, '2017-05-10 14:47:09'),
(187, 15, 7, 2, 6, 2017, '2017-05-10 14:47:09'),
(188, 15, 8, 2, 6, 2017, '2017-05-10 14:47:09'),
(189, 15, 9, 2, 6, 2017, '2017-05-10 14:47:09'),
(190, 15, 12, 2, 6, 2017, '2017-05-10 14:47:09'),
(191, 15, 15, 2, 6, 2017, '2017-05-10 14:47:09'),
(192, 15, 16, 2, 6, 2017, '2017-05-10 14:47:09'),
(193, 15, 17, 2, 6, 2017, '2017-05-10 14:47:09'),
(194, 15, 22, 2, 6, 2017, '2017-05-10 14:47:09'),
(195, 15, 24, 2, 6, 2017, '2017-05-10 14:47:09'),
(196, 15, 25, 2, 6, 2017, '2017-05-10 14:47:09'),
(197, 15, 26, 2, 6, 2017, '2017-05-10 14:47:09'),
(198, 15, 28, 2, 6, 2017, '2017-05-10 14:47:09'),
(199, 15, 29, 2, 6, 2017, '2017-05-10 14:47:10'),
(200, 15, 30, 2, 6, 2017, '2017-05-10 14:47:10'),
(201, 15, 5, 3, 6, 2017, '2017-05-10 14:47:10'),
(202, 15, 11, 3, 6, 2017, '2017-05-10 14:47:10'),
(203, 15, 13, 3, 6, 2017, '2017-05-10 14:47:10'),
(204, 15, 14, 3, 6, 2017, '2017-05-10 14:47:10'),
(205, 15, 18, 3, 6, 2017, '2017-05-10 14:47:10'),
(206, 15, 23, 3, 6, 2017, '2017-05-10 14:47:10'),
(207, 16, 1, 1, 6, 2017, '2017-05-10 14:47:10'),
(208, 16, 3, 1, 6, 2017, '2017-05-10 14:47:10'),
(209, 16, 10, 1, 6, 2017, '2017-05-10 14:47:10'),
(210, 16, 14, 1, 6, 2017, '2017-05-10 14:47:10'),
(211, 16, 15, 1, 6, 2017, '2017-05-10 14:47:10'),
(212, 16, 16, 1, 6, 2017, '2017-05-10 14:47:10'),
(213, 16, 17, 1, 6, 2017, '2017-05-10 14:47:10'),
(214, 16, 23, 1, 6, 2017, '2017-05-10 14:47:10'),
(215, 16, 25, 1, 6, 2017, '2017-05-10 14:47:10'),
(216, 16, 26, 1, 6, 2017, '2017-05-10 14:47:10'),
(217, 16, 27, 1, 6, 2017, '2017-05-10 14:47:10'),
(218, 16, 2, 2, 6, 2017, '2017-05-10 14:47:10'),
(219, 16, 4, 2, 6, 2017, '2017-05-10 14:47:10'),
(220, 16, 9, 2, 6, 2017, '2017-05-10 14:47:11'),
(221, 16, 11, 2, 6, 2017, '2017-05-10 14:47:11'),
(222, 16, 12, 2, 6, 2017, '2017-05-10 14:47:11'),
(223, 16, 13, 2, 6, 2017, '2017-05-10 14:47:11'),
(224, 16, 22, 2, 6, 2017, '2017-05-10 14:47:11'),
(225, 16, 24, 2, 6, 2017, '2017-05-10 14:47:11'),
(226, 16, 28, 2, 6, 2017, '2017-05-10 14:47:11'),
(227, 16, 29, 2, 6, 2017, '2017-05-10 14:47:11'),
(228, 16, 30, 2, 6, 2017, '2017-05-10 14:47:11'),
(229, 16, 5, 3, 6, 2017, '2017-05-10 14:47:11'),
(230, 16, 6, 3, 6, 2017, '2017-05-10 14:47:11'),
(231, 16, 7, 3, 6, 2017, '2017-05-10 14:47:11'),
(232, 16, 8, 3, 6, 2017, '2017-05-10 14:47:11'),
(233, 16, 18, 3, 6, 2017, '2017-05-10 14:47:11'),
(234, 16, 19, 3, 6, 2017, '2017-05-10 14:47:11'),
(235, 16, 20, 3, 6, 2017, '2017-05-10 14:47:11'),
(236, 16, 21, 3, 6, 2017, '2017-05-10 14:47:11'),
(237, 17, 2, 1, 6, 2017, '2017-05-10 14:47:11'),
(238, 17, 8, 1, 6, 2017, '2017-05-10 14:47:11'),
(239, 17, 14, 1, 6, 2017, '2017-05-10 14:47:11'),
(240, 17, 26, 1, 6, 2017, '2017-05-10 14:47:11'),
(241, 17, 1, 2, 6, 2017, '2017-05-10 14:47:11'),
(242, 17, 3, 2, 6, 2017, '2017-05-10 14:47:11'),
(243, 17, 5, 2, 6, 2017, '2017-05-10 14:47:11'),
(244, 17, 6, 2, 6, 2017, '2017-05-10 14:47:11'),
(245, 17, 9, 2, 6, 2017, '2017-05-10 14:47:12'),
(246, 17, 11, 2, 6, 2017, '2017-05-10 14:47:12'),
(247, 17, 12, 2, 6, 2017, '2017-05-10 14:47:12'),
(248, 17, 13, 2, 6, 2017, '2017-05-10 14:47:12'),
(249, 17, 15, 2, 6, 2017, '2017-05-10 14:47:12'),
(250, 17, 16, 2, 6, 2017, '2017-05-10 14:47:12'),
(251, 17, 17, 2, 6, 2017, '2017-05-10 14:47:12'),
(252, 17, 23, 2, 6, 2017, '2017-05-10 14:47:12'),
(253, 17, 24, 2, 6, 2017, '2017-05-10 14:47:12'),
(254, 17, 25, 2, 6, 2017, '2017-05-10 14:47:12'),
(255, 17, 27, 2, 6, 2017, '2017-05-10 14:47:12'),
(256, 17, 28, 2, 6, 2017, '2017-05-10 14:47:12'),
(257, 17, 29, 2, 6, 2017, '2017-05-10 14:47:12'),
(258, 17, 30, 2, 6, 2017, '2017-05-10 14:47:12'),
(259, 17, 4, 3, 6, 2017, '2017-05-10 14:47:12'),
(260, 17, 7, 3, 6, 2017, '2017-05-10 14:47:12'),
(261, 17, 10, 3, 6, 2017, '2017-05-10 14:47:12'),
(262, 17, 18, 3, 6, 2017, '2017-05-10 14:47:12'),
(263, 17, 19, 3, 6, 2017, '2017-05-10 14:47:12'),
(264, 17, 20, 3, 6, 2017, '2017-05-10 14:47:13'),
(265, 17, 21, 3, 6, 2017, '2017-05-10 14:47:13'),
(266, 17, 22, 3, 6, 2017, '2017-05-10 14:47:13'),
(267, 18, 1, 1, 6, 2017, '2017-05-10 14:47:13'),
(268, 18, 5, 1, 6, 2017, '2017-05-10 14:47:13'),
(269, 18, 13, 1, 6, 2017, '2017-05-10 14:47:13'),
(270, 18, 14, 1, 6, 2017, '2017-05-10 14:47:13'),
(271, 18, 15, 1, 6, 2017, '2017-05-10 14:47:13'),
(272, 18, 16, 1, 6, 2017, '2017-05-10 14:47:13'),
(273, 18, 17, 1, 6, 2017, '2017-05-10 14:47:13'),
(274, 18, 18, 1, 6, 2017, '2017-05-10 14:47:13'),
(275, 18, 23, 1, 6, 2017, '2017-05-10 14:47:13'),
(276, 18, 24, 1, 6, 2017, '2017-05-10 14:47:13'),
(277, 18, 27, 1, 6, 2017, '2017-05-10 14:47:13'),
(278, 18, 28, 1, 6, 2017, '2017-05-10 14:47:13'),
(279, 18, 29, 1, 6, 2017, '2017-05-10 14:47:14'),
(280, 18, 30, 1, 6, 2017, '2017-05-10 14:47:14'),
(281, 18, 2, 2, 6, 2017, '2017-05-10 14:47:14'),
(282, 18, 3, 2, 6, 2017, '2017-05-10 14:47:14'),
(283, 18, 4, 2, 6, 2017, '2017-05-10 14:47:14'),
(284, 18, 6, 2, 6, 2017, '2017-05-10 14:47:14'),
(285, 18, 7, 2, 6, 2017, '2017-05-10 14:47:14'),
(286, 18, 8, 2, 6, 2017, '2017-05-10 14:47:14'),
(287, 18, 9, 2, 6, 2017, '2017-05-10 14:47:14'),
(288, 18, 11, 2, 6, 2017, '2017-05-10 14:47:14'),
(289, 18, 12, 2, 6, 2017, '2017-05-10 14:47:14'),
(290, 18, 18, 2, 6, 2017, '2017-05-10 14:47:14'),
(291, 18, 19, 2, 6, 2017, '2017-05-10 14:47:14'),
(292, 18, 20, 2, 6, 2017, '2017-05-10 14:47:14'),
(293, 18, 21, 2, 6, 2017, '2017-05-10 14:47:15'),
(294, 18, 22, 2, 6, 2017, '2017-05-10 14:47:15'),
(295, 18, 25, 2, 6, 2017, '2017-05-10 14:47:15'),
(296, 18, 26, 2, 6, 2017, '2017-05-10 14:47:15'),
(297, 18, 10, 3, 6, 2017, '2017-05-10 14:47:15'),
(298, 19, 5, 1, 6, 2017, '2017-05-10 14:47:15'),
(299, 19, 10, 1, 6, 2017, '2017-05-10 14:47:15'),
(300, 19, 15, 1, 6, 2017, '2017-05-10 14:47:15'),
(301, 19, 19, 1, 6, 2017, '2017-05-10 14:47:15'),
(302, 19, 23, 1, 6, 2017, '2017-05-10 14:47:15'),
(303, 19, 27, 1, 6, 2017, '2017-05-10 14:47:15'),
(304, 19, 28, 1, 6, 2017, '2017-05-10 14:47:15'),
(305, 19, 29, 1, 6, 2017, '2017-05-10 14:47:15'),
(306, 19, 2, 2, 6, 2017, '2017-05-10 14:47:15'),
(307, 19, 3, 2, 6, 2017, '2017-05-10 14:47:15'),
(308, 19, 4, 2, 6, 2017, '2017-05-10 14:47:15'),
(309, 19, 6, 2, 6, 2017, '2017-05-10 14:47:15'),
(310, 19, 7, 2, 6, 2017, '2017-05-10 14:47:16'),
(311, 19, 8, 2, 6, 2017, '2017-05-10 14:47:16'),
(312, 19, 9, 2, 6, 2017, '2017-05-10 14:47:16'),
(313, 19, 11, 2, 6, 2017, '2017-05-10 14:47:16'),
(314, 19, 12, 2, 6, 2017, '2017-05-10 14:47:16'),
(315, 19, 14, 2, 6, 2017, '2017-05-10 14:47:16'),
(316, 19, 16, 2, 6, 2017, '2017-05-10 14:47:16'),
(317, 19, 18, 2, 6, 2017, '2017-05-10 14:47:16'),
(318, 19, 20, 2, 6, 2017, '2017-05-10 14:47:16'),
(319, 19, 21, 2, 6, 2017, '2017-05-10 14:47:16'),
(320, 19, 22, 2, 6, 2017, '2017-05-10 14:47:16'),
(321, 19, 24, 2, 6, 2017, '2017-05-10 14:47:16'),
(322, 19, 25, 2, 6, 2017, '2017-05-10 14:47:17'),
(323, 19, 26, 2, 6, 2017, '2017-05-10 14:47:17'),
(324, 19, 30, 2, 6, 2017, '2017-05-10 14:47:17'),
(325, 19, 1, 3, 6, 2017, '2017-05-10 14:47:17'),
(326, 20, 1, 1, 6, 2017, '2017-05-10 14:47:17'),
(327, 20, 4, 1, 6, 2017, '2017-05-10 14:47:17'),
(328, 20, 12, 1, 6, 2017, '2017-05-10 14:47:17'),
(329, 20, 18, 1, 6, 2017, '2017-05-10 14:47:17'),
(330, 20, 23, 1, 6, 2017, '2017-05-10 14:47:17'),
(331, 20, 27, 1, 6, 2017, '2017-05-10 14:47:17'),
(332, 20, 2, 2, 6, 2017, '2017-05-10 14:47:17'),
(333, 20, 3, 2, 6, 2017, '2017-05-10 14:47:17'),
(334, 20, 5, 2, 6, 2017, '2017-05-10 14:47:17'),
(335, 20, 6, 2, 6, 2017, '2017-05-10 14:47:17'),
(336, 20, 11, 2, 6, 2017, '2017-05-10 14:47:17'),
(337, 20, 13, 2, 6, 2017, '2017-05-10 14:47:17'),
(338, 20, 15, 2, 6, 2017, '2017-05-10 14:47:17'),
(339, 20, 16, 2, 6, 2017, '2017-05-10 14:47:18'),
(340, 20, 17, 2, 6, 2017, '2017-05-10 14:47:18'),
(341, 20, 19, 2, 6, 2017, '2017-05-10 14:47:18'),
(342, 20, 20, 2, 6, 2017, '2017-05-10 14:47:18'),
(343, 20, 21, 2, 6, 2017, '2017-05-10 14:47:18'),
(344, 20, 22, 2, 6, 2017, '2017-05-10 14:47:18'),
(345, 20, 24, 2, 6, 2017, '2017-05-10 14:47:18'),
(346, 20, 25, 2, 6, 2017, '2017-05-10 14:47:18'),
(347, 20, 26, 2, 6, 2017, '2017-05-10 14:47:18'),
(348, 20, 28, 2, 6, 2017, '2017-05-10 14:47:18'),
(349, 20, 29, 2, 6, 2017, '2017-05-10 14:47:18'),
(350, 20, 30, 2, 6, 2017, '2017-05-10 14:47:18'),
(351, 20, 7, 3, 6, 2017, '2017-05-10 14:47:18'),
(352, 20, 8, 3, 6, 2017, '2017-05-10 14:47:18'),
(353, 20, 9, 3, 6, 2017, '2017-05-10 14:47:18'),
(354, 20, 10, 3, 6, 2017, '2017-05-10 14:47:18'),
(355, 20, 14, 3, 6, 2017, '2017-05-10 14:47:19'),
(356, 21, 3, 1, 6, 2017, '2017-05-10 14:47:19'),
(357, 21, 7, 1, 6, 2017, '2017-05-10 14:47:19'),
(358, 21, 11, 1, 6, 2017, '2017-05-10 14:47:19'),
(359, 21, 13, 1, 6, 2017, '2017-05-10 14:47:19'),
(360, 21, 19, 1, 6, 2017, '2017-05-10 14:47:19'),
(361, 21, 24, 1, 6, 2017, '2017-05-10 14:47:19'),
(362, 21, 28, 1, 6, 2017, '2017-05-10 14:47:19'),
(363, 21, 1, 2, 6, 2017, '2017-05-10 14:47:19'),
(364, 21, 2, 2, 6, 2017, '2017-05-10 14:47:19'),
(365, 21, 4, 2, 6, 2017, '2017-05-10 14:47:19'),
(366, 21, 5, 2, 6, 2017, '2017-05-10 14:47:19'),
(367, 21, 6, 2, 6, 2017, '2017-05-10 14:47:19'),
(368, 21, 8, 2, 6, 2017, '2017-05-10 14:47:19'),
(369, 21, 9, 2, 6, 2017, '2017-05-10 14:47:19'),
(370, 21, 10, 2, 6, 2017, '2017-05-10 14:47:19'),
(371, 21, 12, 2, 6, 2017, '2017-05-10 14:47:19'),
(372, 21, 14, 2, 6, 2017, '2017-05-10 14:47:19'),
(373, 21, 15, 2, 6, 2017, '2017-05-10 14:47:19'),
(374, 21, 16, 2, 6, 2017, '2017-05-10 14:47:19'),
(375, 21, 17, 2, 6, 2017, '2017-05-10 14:47:19'),
(376, 21, 20, 2, 6, 2017, '2017-05-10 14:47:19'),
(377, 21, 21, 2, 6, 2017, '2017-05-10 14:47:19'),
(378, 21, 22, 2, 6, 2017, '2017-05-10 14:47:19'),
(379, 21, 23, 2, 6, 2017, '2017-05-10 14:47:20'),
(380, 21, 25, 2, 6, 2017, '2017-05-10 14:47:20'),
(381, 21, 26, 2, 6, 2017, '2017-05-10 14:47:20'),
(382, 21, 29, 2, 6, 2017, '2017-05-10 14:47:20'),
(383, 21, 30, 2, 6, 2017, '2017-05-10 14:47:20'),
(384, 21, 18, 3, 6, 2017, '2017-05-10 14:47:20'),
(385, 22, 8, 1, 6, 2017, '2017-05-10 14:47:20'),
(386, 22, 24, 1, 6, 2017, '2017-05-10 14:47:20'),
(387, 22, 25, 1, 6, 2017, '2017-05-10 14:47:20'),
(388, 22, 26, 1, 6, 2017, '2017-05-10 14:47:20'),
(389, 22, 27, 1, 6, 2017, '2017-05-10 14:47:20'),
(390, 22, 28, 1, 6, 2017, '2017-05-10 14:47:20'),
(391, 22, 29, 1, 6, 2017, '2017-05-10 14:47:20'),
(392, 22, 30, 1, 6, 2017, '2017-05-10 14:47:20'),
(393, 22, 4, 2, 6, 2017, '2017-05-10 14:47:20'),
(394, 22, 7, 2, 6, 2017, '2017-05-10 14:47:20'),
(395, 22, 9, 2, 6, 2017, '2017-05-10 14:47:20'),
(396, 22, 17, 2, 6, 2017, '2017-05-10 14:47:20'),
(397, 22, 18, 2, 6, 2017, '2017-05-10 14:47:20'),
(398, 22, 19, 2, 6, 2017, '2017-05-10 14:47:20'),
(399, 22, 20, 2, 6, 2017, '2017-05-10 14:47:20'),
(400, 22, 22, 2, 6, 2017, '2017-05-10 14:47:20'),
(401, 22, 1, 3, 6, 2017, '2017-05-10 14:47:20'),
(402, 22, 2, 3, 6, 2017, '2017-05-10 14:47:20'),
(403, 22, 3, 3, 6, 2017, '2017-05-10 14:47:20'),
(404, 22, 5, 3, 6, 2017, '2017-05-10 14:47:20'),
(405, 22, 6, 3, 6, 2017, '2017-05-10 14:47:21'),
(406, 22, 10, 3, 6, 2017, '2017-05-10 14:47:21'),
(407, 22, 11, 3, 6, 2017, '2017-05-10 14:47:21'),
(408, 22, 12, 3, 6, 2017, '2017-05-10 14:47:21'),
(409, 22, 13, 3, 6, 2017, '2017-05-10 14:47:21'),
(410, 22, 14, 3, 6, 2017, '2017-05-10 14:47:21'),
(411, 22, 15, 3, 6, 2017, '2017-05-10 14:47:21'),
(412, 22, 16, 3, 6, 2017, '2017-05-10 14:47:21'),
(413, 22, 23, 3, 6, 2017, '2017-05-10 14:47:21'),
(414, 23, 14, 1, 6, 2017, '2017-05-10 14:47:21'),
(415, 23, 15, 1, 6, 2017, '2017-05-10 14:47:21'),
(416, 23, 16, 1, 6, 2017, '2017-05-10 14:47:21'),
(417, 23, 17, 1, 6, 2017, '2017-05-10 14:47:21'),
(418, 23, 18, 1, 6, 2017, '2017-05-10 14:47:21'),
(419, 23, 19, 1, 6, 2017, '2017-05-10 14:47:21'),
(420, 23, 20, 1, 6, 2017, '2017-05-10 14:47:21'),
(421, 23, 1, 2, 6, 2017, '2017-05-10 14:47:21'),
(422, 23, 2, 2, 6, 2017, '2017-05-10 14:47:21'),
(423, 23, 3, 2, 6, 2017, '2017-05-10 14:47:21'),
(424, 23, 4, 2, 6, 2017, '2017-05-10 14:47:21'),
(425, 23, 5, 2, 6, 2017, '2017-05-10 14:47:21'),
(426, 23, 6, 2, 6, 2017, '2017-05-10 14:47:21'),
(427, 23, 21, 2, 6, 2017, '2017-05-10 14:47:21'),
(428, 23, 22, 2, 6, 2017, '2017-05-10 14:47:21'),
(429, 23, 23, 2, 6, 2017, '2017-05-10 14:47:22'),
(430, 23, 24, 2, 6, 2017, '2017-05-10 14:47:22'),
(431, 23, 25, 2, 6, 2017, '2017-05-10 14:47:22'),
(432, 23, 26, 2, 6, 2017, '2017-05-10 14:47:22'),
(433, 23, 7, 3, 6, 2017, '2017-05-10 14:47:22'),
(434, 23, 8, 3, 6, 2017, '2017-05-10 14:47:22'),
(435, 23, 9, 3, 6, 2017, '2017-05-10 14:47:22'),
(436, 23, 10, 3, 6, 2017, '2017-05-10 14:47:22'),
(437, 23, 11, 3, 6, 2017, '2017-05-10 14:47:22'),
(438, 23, 12, 3, 6, 2017, '2017-05-10 14:47:22'),
(439, 23, 13, 3, 6, 2017, '2017-05-10 14:47:22'),
(440, 23, 27, 3, 6, 2017, '2017-05-10 14:47:22'),
(441, 23, 28, 3, 6, 2017, '2017-05-10 14:47:22'),
(442, 23, 29, 3, 6, 2017, '2017-05-10 14:47:22'),
(443, 23, 30, 3, 6, 2017, '2017-05-10 14:47:22'),
(444, 24, 13, 1, 6, 2017, '2017-05-10 14:47:22'),
(445, 24, 17, 1, 6, 2017, '2017-05-10 14:47:22'),
(446, 24, 18, 1, 6, 2017, '2017-05-10 14:47:22'),
(447, 24, 19, 1, 6, 2017, '2017-05-10 14:47:22'),
(448, 24, 20, 1, 6, 2017, '2017-05-10 14:47:22'),
(449, 24, 21, 1, 6, 2017, '2017-05-10 14:47:22'),
(450, 24, 22, 1, 6, 2017, '2017-05-10 14:47:22'),
(451, 24, 28, 1, 6, 2017, '2017-05-10 14:47:22'),
(452, 24, 29, 1, 6, 2017, '2017-05-10 14:47:22'),
(453, 24, 30, 1, 6, 2017, '2017-05-10 14:47:22'),
(454, 24, 1, 2, 6, 2017, '2017-05-10 14:47:23'),
(455, 24, 2, 2, 6, 2017, '2017-05-10 14:47:23'),
(456, 24, 3, 2, 6, 2017, '2017-05-10 14:47:23'),
(457, 24, 10, 2, 6, 2017, '2017-05-10 14:47:23'),
(458, 24, 11, 2, 6, 2017, '2017-05-10 14:47:23'),
(459, 24, 12, 2, 6, 2017, '2017-05-10 14:47:23'),
(460, 24, 14, 2, 6, 2017, '2017-05-10 14:47:23'),
(461, 24, 15, 2, 6, 2017, '2017-05-10 14:47:23'),
(462, 24, 16, 2, 6, 2017, '2017-05-10 14:47:23'),
(463, 24, 23, 2, 6, 2017, '2017-05-10 14:47:23'),
(464, 24, 24, 2, 6, 2017, '2017-05-10 14:47:23'),
(465, 24, 25, 2, 6, 2017, '2017-05-10 14:47:23'),
(466, 24, 26, 2, 6, 2017, '2017-05-10 14:47:23'),
(467, 24, 27, 2, 6, 2017, '2017-05-10 14:47:23'),
(468, 24, 4, 3, 6, 2017, '2017-05-10 14:47:23'),
(469, 24, 5, 3, 6, 2017, '2017-05-10 14:47:23'),
(470, 24, 6, 3, 6, 2017, '2017-05-10 14:47:23'),
(471, 24, 7, 3, 6, 2017, '2017-05-10 14:47:23'),
(472, 24, 8, 3, 6, 2017, '2017-05-10 14:47:23'),
(473, 24, 9, 3, 6, 2017, '2017-05-10 14:47:23'),
(474, 25, 3, 1, 6, 2017, '2017-05-10 14:47:23'),
(475, 25, 4, 1, 6, 2017, '2017-05-10 14:47:23'),
(476, 25, 5, 1, 6, 2017, '2017-05-10 14:47:23'),
(477, 25, 6, 1, 6, 2017, '2017-05-10 14:47:23'),
(478, 25, 7, 1, 6, 2017, '2017-05-10 14:47:23'),
(479, 25, 8, 1, 6, 2017, '2017-05-10 14:47:23'),
(480, 25, 16, 1, 6, 2017, '2017-05-10 14:47:24'),
(481, 25, 17, 1, 6, 2017, '2017-05-10 14:47:24'),
(482, 25, 18, 1, 6, 2017, '2017-05-10 14:47:24'),
(483, 25, 19, 1, 6, 2017, '2017-05-10 14:47:24'),
(484, 25, 20, 1, 6, 2017, '2017-05-10 14:47:24'),
(485, 25, 21, 1, 6, 2017, '2017-05-10 14:47:24'),
(486, 25, 22, 1, 6, 2017, '2017-05-10 14:47:24'),
(487, 25, 1, 2, 6, 2017, '2017-05-10 14:47:24'),
(488, 25, 2, 2, 6, 2017, '2017-05-10 14:47:24'),
(489, 25, 9, 2, 6, 2017, '2017-05-10 14:47:24'),
(490, 25, 10, 2, 6, 2017, '2017-05-10 14:47:24'),
(491, 25, 11, 2, 6, 2017, '2017-05-10 14:47:24'),
(492, 25, 12, 2, 6, 2017, '2017-05-10 14:47:24'),
(493, 25, 13, 2, 6, 2017, '2017-05-10 14:47:24'),
(494, 25, 14, 2, 6, 2017, '2017-05-10 14:47:24'),
(495, 25, 15, 2, 6, 2017, '2017-05-10 14:47:24'),
(496, 25, 23, 3, 6, 2017, '2017-05-10 14:47:24'),
(497, 25, 24, 3, 6, 2017, '2017-05-10 14:47:24'),
(498, 25, 25, 3, 6, 2017, '2017-05-10 14:47:24'),
(499, 25, 26, 3, 6, 2017, '2017-05-10 14:47:24'),
(500, 25, 27, 3, 6, 2017, '2017-05-10 14:47:24'),
(501, 25, 28, 3, 6, 2017, '2017-05-10 14:47:24'),
(502, 25, 29, 3, 6, 2017, '2017-05-10 14:47:25'),
(503, 25, 30, 3, 6, 2017, '2017-05-10 14:47:25'),
(504, 26, 11, 1, 6, 2017, '2017-05-10 14:47:25'),
(505, 26, 15, 1, 6, 2017, '2017-05-10 14:47:25'),
(506, 26, 16, 1, 6, 2017, '2017-05-10 14:47:25'),
(507, 26, 17, 1, 6, 2017, '2017-05-10 14:47:25'),
(508, 26, 18, 1, 6, 2017, '2017-05-10 14:47:25'),
(509, 26, 19, 1, 6, 2017, '2017-05-10 14:47:25'),
(510, 26, 20, 1, 6, 2017, '2017-05-10 14:47:25'),
(511, 26, 1, 2, 6, 2017, '2017-05-10 14:47:25'),
(512, 26, 2, 2, 6, 2017, '2017-05-10 14:47:25'),
(513, 26, 3, 2, 6, 2017, '2017-05-10 14:47:25'),
(514, 26, 4, 2, 6, 2017, '2017-05-10 14:47:25'),
(515, 26, 5, 2, 6, 2017, '2017-05-10 14:47:25'),
(516, 26, 6, 2, 6, 2017, '2017-05-10 14:47:25'),
(517, 26, 7, 2, 6, 2017, '2017-05-10 14:47:25'),
(518, 26, 9, 2, 6, 2017, '2017-05-10 14:47:25'),
(519, 26, 10, 2, 6, 2017, '2017-05-10 14:47:25'),
(520, 26, 12, 2, 6, 2017, '2017-05-10 14:47:25'),
(521, 26, 13, 2, 6, 2017, '2017-05-10 14:47:26'),
(522, 26, 14, 2, 6, 2017, '2017-05-10 14:47:26'),
(523, 26, 21, 2, 6, 2017, '2017-05-10 14:47:26'),
(524, 26, 22, 2, 6, 2017, '2017-05-10 14:47:26'),
(525, 26, 23, 2, 6, 2017, '2017-05-10 14:47:26'),
(526, 26, 24, 2, 6, 2017, '2017-05-10 14:47:26'),
(527, 26, 25, 2, 6, 2017, '2017-05-10 14:47:26'),
(528, 26, 26, 2, 6, 2017, '2017-05-10 14:47:26'),
(529, 26, 8, 3, 6, 2017, '2017-05-10 14:47:26'),
(530, 26, 27, 3, 6, 2017, '2017-05-10 14:47:26'),
(531, 26, 28, 3, 6, 2017, '2017-05-10 14:47:26'),
(532, 26, 29, 3, 6, 2017, '2017-05-10 14:47:26'),
(533, 26, 30, 3, 6, 2017, '2017-05-10 14:47:26'),
(534, 27, 8, 1, 6, 2017, '2017-05-10 14:47:26'),
(535, 27, 9, 1, 6, 2017, '2017-05-10 14:47:26'),
(536, 27, 10, 1, 6, 2017, '2017-05-10 14:47:26'),
(537, 27, 11, 1, 6, 2017, '2017-05-10 14:47:26'),
(538, 27, 12, 1, 6, 2017, '2017-05-10 14:47:26'),
(539, 27, 13, 1, 6, 2017, '2017-05-10 14:47:26'),
(540, 27, 14, 1, 6, 2017, '2017-05-10 14:47:26'),
(541, 27, 15, 1, 6, 2017, '2017-05-10 14:47:26'),
(542, 27, 16, 2, 6, 2017, '2017-05-10 14:47:26'),
(543, 27, 17, 2, 6, 2017, '2017-05-10 14:47:26'),
(544, 27, 18, 2, 6, 2017, '2017-05-10 14:47:26'),
(545, 27, 19, 2, 6, 2017, '2017-05-10 14:47:26'),
(546, 27, 20, 2, 6, 2017, '2017-05-10 14:47:27'),
(547, 27, 21, 2, 6, 2017, '2017-05-10 14:47:27'),
(548, 27, 22, 2, 6, 2017, '2017-05-10 14:47:27'),
(549, 27, 29, 2, 6, 2017, '2017-05-10 14:47:27'),
(550, 27, 30, 2, 6, 2017, '2017-05-10 14:47:27'),
(551, 27, 1, 3, 6, 2017, '2017-05-10 14:47:27'),
(552, 27, 2, 3, 6, 2017, '2017-05-10 14:47:27'),
(553, 27, 3, 3, 6, 2017, '2017-05-10 14:47:27'),
(554, 27, 4, 3, 6, 2017, '2017-05-10 14:47:27'),
(555, 27, 5, 3, 6, 2017, '2017-05-10 14:47:27'),
(556, 27, 6, 3, 6, 2017, '2017-05-10 14:47:27'),
(557, 27, 7, 3, 6, 2017, '2017-05-10 14:47:27'),
(558, 27, 23, 3, 6, 2017, '2017-05-10 14:47:27'),
(559, 27, 24, 3, 6, 2017, '2017-05-10 14:47:27'),
(560, 27, 25, 3, 6, 2017, '2017-05-10 14:47:27'),
(561, 27, 26, 3, 6, 2017, '2017-05-10 14:47:27'),
(562, 27, 27, 3, 6, 2017, '2017-05-10 14:47:27'),
(563, 27, 28, 3, 6, 2017, '2017-05-10 14:47:27'),
(564, 28, 1, 1, 6, 2017, '2017-05-10 14:47:27'),
(565, 28, 2, 1, 6, 2017, '2017-05-10 14:47:27'),
(566, 28, 3, 1, 6, 2017, '2017-05-10 14:47:27'),
(567, 28, 4, 1, 6, 2017, '2017-05-10 14:47:27'),
(568, 28, 5, 1, 6, 2017, '2017-05-10 14:47:27'),
(569, 28, 19, 1, 6, 2017, '2017-05-10 14:47:27'),
(570, 28, 20, 1, 6, 2017, '2017-05-10 14:47:28'),
(571, 28, 21, 1, 6, 2017, '2017-05-10 14:47:28'),
(572, 28, 22, 1, 6, 2017, '2017-05-10 14:47:28'),
(573, 28, 23, 1, 6, 2017, '2017-05-10 14:47:28'),
(574, 28, 24, 1, 6, 2017, '2017-05-10 14:47:28'),
(575, 28, 6, 2, 6, 2017, '2017-05-10 14:47:28'),
(576, 28, 7, 2, 6, 2017, '2017-05-10 14:47:28'),
(577, 28, 8, 2, 6, 2017, '2017-05-10 14:47:28'),
(578, 28, 9, 2, 6, 2017, '2017-05-10 14:47:28'),
(579, 28, 10, 2, 6, 2017, '2017-05-10 14:47:28'),
(580, 28, 11, 2, 6, 2017, '2017-05-10 14:47:28'),
(581, 28, 12, 3, 6, 2017, '2017-05-10 14:47:28'),
(582, 28, 13, 3, 6, 2017, '2017-05-10 14:47:28'),
(583, 28, 14, 3, 6, 2017, '2017-05-10 14:47:28'),
(584, 28, 15, 3, 6, 2017, '2017-05-10 14:47:28'),
(585, 28, 16, 3, 6, 2017, '2017-05-10 14:47:28'),
(586, 28, 17, 3, 6, 2017, '2017-05-10 14:47:28'),
(587, 28, 18, 3, 6, 2017, '2017-05-10 14:47:28'),
(588, 28, 25, 3, 6, 2017, '2017-05-10 14:47:28'),
(589, 28, 26, 3, 6, 2017, '2017-05-10 14:47:28'),
(590, 28, 27, 3, 6, 2017, '2017-05-10 14:47:28'),
(591, 28, 28, 3, 6, 2017, '2017-05-10 14:47:28'),
(592, 28, 29, 3, 6, 2017, '2017-05-10 14:47:28'),
(593, 28, 30, 3, 6, 2017, '2017-05-10 14:47:29'),
(594, 29, 15, 1, 6, 2017, '2017-05-10 14:47:29'),
(595, 29, 16, 1, 6, 2017, '2017-05-10 14:47:29'),
(596, 29, 17, 1, 6, 2017, '2017-05-10 14:47:29'),
(597, 29, 18, 1, 6, 2017, '2017-05-10 14:47:29'),
(598, 29, 20, 1, 6, 2017, '2017-05-10 14:47:29'),
(599, 29, 21, 1, 6, 2017, '2017-05-10 14:47:29'),
(600, 29, 1, 2, 6, 2017, '2017-05-10 14:47:29'),
(601, 29, 2, 2, 6, 2017, '2017-05-10 14:47:29'),
(602, 29, 3, 2, 6, 2017, '2017-05-10 14:47:29'),
(603, 29, 4, 2, 6, 2017, '2017-05-10 14:47:29'),
(604, 29, 5, 2, 6, 2017, '2017-05-10 14:47:29'),
(605, 29, 6, 2, 6, 2017, '2017-05-10 14:47:29'),
(606, 29, 7, 2, 6, 2017, '2017-05-10 14:47:29'),
(607, 29, 11, 2, 6, 2017, '2017-05-10 14:47:29'),
(608, 29, 19, 2, 6, 2017, '2017-05-10 14:47:29'),
(609, 29, 22, 2, 6, 2017, '2017-05-10 14:47:29'),
(610, 29, 23, 2, 6, 2017, '2017-05-10 14:47:29'),
(611, 29, 24, 2, 6, 2017, '2017-05-10 14:47:29'),
(612, 29, 25, 2, 6, 2017, '2017-05-10 14:47:29'),
(613, 29, 26, 2, 6, 2017, '2017-05-10 14:47:29'),
(614, 29, 27, 2, 6, 2017, '2017-05-10 14:47:30'),
(615, 29, 8, 3, 6, 2017, '2017-05-10 14:47:30'),
(616, 29, 9, 3, 6, 2017, '2017-05-10 14:47:30'),
(617, 29, 10, 3, 6, 2017, '2017-05-10 14:47:30'),
(618, 29, 12, 3, 6, 2017, '2017-05-10 14:47:30'),
(619, 29, 13, 3, 6, 2017, '2017-05-10 14:47:30'),
(620, 29, 14, 3, 6, 2017, '2017-05-10 14:47:30'),
(621, 29, 28, 3, 6, 2017, '2017-05-10 14:47:30'),
(622, 29, 29, 3, 6, 2017, '2017-05-10 14:47:30'),
(623, 29, 30, 3, 6, 2017, '2017-05-10 14:47:30'),
(624, 31, 7, 1, 6, 2017, '2017-05-10 14:47:30'),
(625, 31, 8, 1, 6, 2017, '2017-05-10 14:47:30'),
(626, 31, 9, 1, 6, 2017, '2017-05-10 14:47:31'),
(627, 31, 10, 1, 6, 2017, '2017-05-10 14:47:31'),
(628, 31, 11, 1, 6, 2017, '2017-05-10 14:47:31'),
(629, 31, 12, 1, 6, 2017, '2017-05-10 14:47:31'),
(630, 31, 1, 2, 6, 2017, '2017-05-10 14:47:31'),
(631, 31, 2, 2, 6, 2017, '2017-05-10 14:47:31'),
(632, 31, 3, 2, 6, 2017, '2017-05-10 14:47:31'),
(633, 31, 4, 2, 6, 2017, '2017-05-10 14:47:31'),
(634, 31, 5, 2, 6, 2017, '2017-05-10 14:47:31'),
(635, 31, 6, 2, 6, 2017, '2017-05-10 14:47:31'),
(636, 31, 19, 2, 6, 2017, '2017-05-10 14:47:31'),
(637, 31, 20, 2, 6, 2017, '2017-05-10 14:47:31'),
(638, 31, 21, 2, 6, 2017, '2017-05-10 14:47:31'),
(639, 31, 22, 2, 6, 2017, '2017-05-10 14:47:31'),
(640, 31, 23, 2, 6, 2017, '2017-05-10 14:47:31'),
(641, 31, 24, 2, 6, 2017, '2017-05-10 14:47:31'),
(642, 31, 13, 3, 6, 2017, '2017-05-10 14:47:31'),
(643, 31, 14, 3, 6, 2017, '2017-05-10 14:47:31'),
(644, 31, 15, 3, 6, 2017, '2017-05-10 14:47:31'),
(645, 31, 16, 3, 6, 2017, '2017-05-10 14:47:31'),
(646, 31, 17, 3, 6, 2017, '2017-05-10 14:47:31'),
(647, 31, 18, 3, 6, 2017, '2017-05-10 14:47:31'),
(648, 31, 25, 3, 6, 2017, '2017-05-10 14:47:32'),
(649, 31, 26, 3, 6, 2017, '2017-05-10 14:47:32'),
(650, 31, 27, 3, 6, 2017, '2017-05-10 14:47:32'),
(651, 31, 28, 3, 6, 2017, '2017-05-10 14:47:32'),
(652, 31, 29, 3, 6, 2017, '2017-05-10 14:47:32'),
(653, 31, 30, 3, 6, 2017, '2017-05-10 14:47:32'),
(654, 32, 1, 1, 6, 2017, '2017-05-10 14:47:32'),
(655, 32, 2, 1, 6, 2017, '2017-05-10 14:47:32'),
(656, 32, 3, 1, 6, 2017, '2017-05-10 14:47:32'),
(657, 7, 1, 1, 7, 2017, '2017-05-21 07:13:51'),
(658, 7, 2, 2, 7, 2017, '2017-05-21 07:13:51'),
(659, 7, 3, 2, 7, 2017, '2017-05-21 07:13:51'),
(660, 7, 4, 2, 7, 2017, '2017-05-21 07:13:51'),
(661, 7, 5, 2, 7, 2017, '2017-05-21 07:13:51'),
(662, 7, 7, 2, 7, 2017, '2017-05-21 07:13:51'),
(663, 7, 6, 3, 7, 2017, '2017-05-21 07:13:51');

-- --------------------------------------------------------

--
-- Table structure for table `ca_lam_viec`
--

CREATE TABLE `ca_lam_viec` (
  `id` int(11) NOT NULL,
  `name` varchar(200) COLLATE utf8_unicode_ci NOT NULL,
  `time` varchar(200) COLLATE utf8_unicode_ci NOT NULL
) ENGINE=MyISAM DEFAULT CHARSET=utf8 COLLATE=utf8_unicode_ci;

--
-- Dumping data for table `ca_lam_viec`
--

INSERT INTO `ca_lam_viec` (`id`, `name`, `time`) VALUES
(1, 'Ca 1', '7h - 14h'),
(2, 'Ca 2', '12h - 19h'),
(3, 'Ca 3', '15h - 23h');

-- --------------------------------------------------------

--
-- Table structure for table `cham_cong`
--

CREATE TABLE `cham_cong` (
  `id` int(11) NOT NULL,
  `employer_id` int(11) NOT NULL,
  `month` int(11) NOT NULL,
  `year` int(11) NOT NULL,
  `ngay_cong` int(11) NOT NULL
) ENGINE=MyISAM DEFAULT CHARSET=utf8 COLLATE=utf8_unicode_ci;

--
-- Dumping data for table `cham_cong`
--

INSERT INTO `cham_cong` (`id`, `employer_id`, `month`, `year`, `ngay_cong`) VALUES
(1109, 28, 4, 2017, 28),
(1103, 28, 4, 2017, 21),
(1102, 28, 4, 2017, 20),
(1101, 28, 4, 2017, 19),
(1100, 28, 4, 2017, 18),
(1104, 28, 4, 2017, 22),
(1105, 28, 4, 2017, 23),
(1106, 28, 4, 2017, 25),
(1107, 28, 4, 2017, 26),
(1108, 28, 4, 2017, 27),
(1110, 28, 4, 2017, 29),
(1111, 28, 4, 2017, 30),
(1112, 29, 4, 2017, 1),
(1113, 29, 4, 2017, 2),
(1114, 29, 4, 2017, 3),
(1115, 29, 4, 2017, 4),
(1116, 29, 4, 2017, 5),
(1117, 29, 4, 2017, 7),
(1099, 28, 4, 2017, 17),
(1098, 28, 4, 2017, 15),
(1097, 28, 4, 2017, 14),
(1096, 28, 4, 2017, 13),
(1095, 28, 4, 2017, 12),
(1094, 28, 4, 2017, 11),
(1093, 28, 4, 2017, 10),
(1092, 28, 4, 2017, 8),
(1091, 28, 4, 2017, 7),
(1090, 28, 4, 2017, 6),
(1089, 28, 4, 2017, 5),
(1088, 28, 4, 2017, 4),
(1087, 28, 4, 2017, 3),
(1086, 28, 4, 2017, 2),
(1085, 28, 4, 2017, 1),
(1084, 27, 4, 2017, 30),
(1083, 27, 4, 2017, 29),
(1082, 27, 4, 2017, 28),
(1081, 27, 4, 2017, 27),
(1080, 27, 4, 2017, 25),
(1079, 27, 4, 2017, 24),
(1078, 27, 4, 2017, 23),
(1077, 27, 4, 2017, 22),
(1076, 27, 4, 2017, 21),
(1075, 27, 4, 2017, 20),
(1074, 27, 4, 2017, 18),
(1073, 27, 4, 2017, 17),
(1072, 27, 4, 2017, 16),
(1071, 27, 4, 2017, 15),
(1070, 27, 4, 2017, 14),
(1069, 27, 4, 2017, 13),
(1068, 27, 4, 2017, 12),
(1067, 27, 4, 2017, 10),
(1066, 27, 4, 2017, 9),
(1065, 27, 4, 2017, 8),
(1064, 27, 4, 2017, 7),
(1063, 27, 4, 2017, 5),
(1062, 27, 4, 2017, 4),
(1061, 27, 4, 2017, 3),
(1060, 27, 4, 2017, 2),
(1059, 27, 4, 2017, 1),
(1058, 26, 4, 2017, 30),
(1057, 26, 4, 2017, 29),
(1056, 26, 4, 2017, 28),
(1055, 26, 4, 2017, 27),
(1054, 26, 4, 2017, 26),
(1053, 26, 4, 2017, 25),
(1052, 26, 4, 2017, 24),
(1051, 26, 4, 2017, 23),
(1050, 26, 4, 2017, 22),
(1049, 26, 4, 2017, 21),
(1048, 26, 4, 2017, 20),
(1047, 26, 4, 2017, 19),
(1046, 26, 4, 2017, 18),
(1045, 26, 4, 2017, 17),
(1044, 26, 4, 2017, 16),
(1043, 26, 4, 2017, 15),
(1042, 26, 4, 2017, 14),
(1041, 26, 4, 2017, 13),
(1040, 26, 4, 2017, 12),
(1039, 26, 4, 2017, 11),
(1038, 26, 4, 2017, 10),
(1037, 26, 4, 2017, 9),
(1036, 26, 4, 2017, 8),
(1035, 26, 4, 2017, 7),
(1034, 26, 4, 2017, 6),
(1033, 26, 4, 2017, 5),
(1032, 26, 4, 2017, 4),
(1031, 26, 4, 2017, 3),
(1030, 26, 4, 2017, 2),
(1029, 26, 4, 2017, 1),
(1028, 25, 4, 2017, 30),
(1027, 25, 4, 2017, 29),
(1026, 25, 4, 2017, 27),
(1025, 25, 4, 2017, 26),
(1024, 25, 4, 2017, 25),
(1023, 25, 4, 2017, 24),
(1022, 25, 4, 2017, 23),
(1021, 25, 4, 2017, 22),
(1020, 25, 4, 2017, 21),
(1019, 25, 4, 2017, 19),
(1018, 25, 4, 2017, 18),
(1017, 25, 4, 2017, 17),
(1016, 25, 4, 2017, 16),
(1015, 25, 4, 2017, 15),
(1014, 25, 4, 2017, 14),
(1013, 25, 4, 2017, 13),
(1012, 25, 4, 2017, 12),
(1011, 25, 4, 2017, 11),
(1010, 25, 4, 2017, 10),
(1009, 25, 4, 2017, 8),
(1008, 25, 4, 2017, 7),
(1007, 25, 4, 2017, 6),
(1006, 25, 4, 2017, 5),
(1005, 25, 4, 2017, 4),
(1004, 25, 4, 2017, 3),
(1003, 25, 4, 2017, 2),
(1002, 25, 4, 2017, 1),
(1001, 24, 4, 2017, 30),
(1000, 24, 4, 2017, 29),
(999, 24, 4, 2017, 28),
(998, 24, 4, 2017, 27),
(997, 24, 4, 2017, 26),
(996, 24, 4, 2017, 25),
(995, 24, 4, 2017, 24),
(994, 24, 4, 2017, 23),
(993, 24, 4, 2017, 22),
(992, 24, 4, 2017, 21),
(991, 24, 4, 2017, 20),
(990, 24, 4, 2017, 19),
(989, 24, 4, 2017, 18),
(988, 24, 4, 2017, 17),
(987, 24, 4, 2017, 16),
(986, 24, 4, 2017, 15),
(985, 24, 4, 2017, 14),
(984, 24, 4, 2017, 13),
(983, 24, 4, 2017, 12),
(982, 24, 4, 2017, 11),
(981, 24, 4, 2017, 10),
(980, 24, 4, 2017, 9),
(979, 24, 4, 2017, 8),
(978, 24, 4, 2017, 7),
(977, 24, 4, 2017, 6),
(976, 24, 4, 2017, 5),
(975, 24, 4, 2017, 4),
(974, 24, 4, 2017, 3),
(973, 24, 4, 2017, 2),
(972, 24, 4, 2017, 1),
(971, 23, 4, 2017, 30),
(970, 23, 4, 2017, 28),
(969, 23, 4, 2017, 27),
(968, 23, 4, 2017, 26),
(967, 23, 4, 2017, 25),
(966, 23, 4, 2017, 24),
(965, 23, 4, 2017, 23),
(964, 23, 4, 2017, 22),
(963, 23, 4, 2017, 21),
(962, 23, 4, 2017, 20),
(961, 23, 4, 2017, 19),
(960, 23, 4, 2017, 18),
(959, 23, 4, 2017, 17),
(958, 23, 4, 2017, 15),
(957, 23, 4, 2017, 14),
(956, 23, 4, 2017, 13),
(955, 23, 4, 2017, 12),
(954, 23, 4, 2017, 11),
(953, 23, 4, 2017, 10),
(952, 23, 4, 2017, 9),
(951, 23, 4, 2017, 8),
(950, 23, 4, 2017, 7),
(949, 23, 4, 2017, 6),
(948, 23, 4, 2017, 4),
(947, 23, 4, 2017, 3),
(946, 23, 4, 2017, 2),
(945, 23, 4, 2017, 1),
(944, 22, 4, 2017, 30),
(943, 22, 4, 2017, 29),
(942, 22, 4, 2017, 28),
(941, 22, 4, 2017, 27),
(940, 22, 4, 2017, 26),
(939, 22, 4, 2017, 25),
(938, 22, 4, 2017, 23),
(937, 22, 4, 2017, 22),
(936, 22, 4, 2017, 21),
(935, 22, 4, 2017, 20),
(934, 22, 4, 2017, 19),
(933, 22, 4, 2017, 18),
(932, 22, 4, 2017, 17),
(931, 22, 4, 2017, 15),
(930, 22, 4, 2017, 14),
(929, 22, 4, 2017, 13),
(928, 22, 4, 2017, 12),
(927, 22, 4, 2017, 11),
(926, 22, 4, 2017, 10),
(925, 22, 4, 2017, 8),
(924, 22, 4, 2017, 7),
(923, 22, 4, 2017, 6),
(922, 22, 4, 2017, 5),
(921, 22, 4, 2017, 4),
(920, 22, 4, 2017, 3),
(919, 22, 4, 2017, 2),
(918, 22, 4, 2017, 1),
(917, 21, 4, 2017, 30),
(916, 21, 4, 2017, 29),
(915, 21, 4, 2017, 28),
(914, 21, 4, 2017, 27),
(913, 21, 4, 2017, 26),
(912, 21, 4, 2017, 25),
(911, 21, 4, 2017, 24),
(910, 21, 4, 2017, 23),
(909, 21, 4, 2017, 22),
(908, 21, 4, 2017, 21),
(907, 21, 4, 2017, 20),
(906, 21, 4, 2017, 19),
(905, 21, 4, 2017, 18),
(904, 21, 4, 2017, 17),
(903, 21, 4, 2017, 16),
(902, 21, 4, 2017, 15),
(901, 21, 4, 2017, 14),
(900, 21, 4, 2017, 13),
(899, 21, 4, 2017, 12),
(898, 21, 4, 2017, 11),
(897, 21, 4, 2017, 10),
(896, 21, 4, 2017, 9),
(895, 21, 4, 2017, 8),
(894, 21, 4, 2017, 7),
(893, 21, 4, 2017, 6),
(892, 21, 4, 2017, 5),
(891, 21, 4, 2017, 4),
(890, 21, 4, 2017, 3),
(889, 21, 4, 2017, 2),
(888, 21, 4, 2017, 1),
(887, 20, 4, 2017, 30),
(886, 20, 4, 2017, 29),
(885, 20, 4, 2017, 28),
(884, 20, 4, 2017, 27),
(883, 20, 4, 2017, 26),
(882, 20, 4, 2017, 25),
(881, 20, 4, 2017, 23),
(880, 20, 4, 2017, 22),
(879, 20, 4, 2017, 21),
(878, 20, 4, 2017, 20),
(877, 20, 4, 2017, 19),
(876, 20, 4, 2017, 18),
(875, 20, 4, 2017, 16),
(874, 20, 4, 2017, 15),
(873, 20, 4, 2017, 14),
(872, 20, 4, 2017, 13),
(871, 20, 4, 2017, 11),
(870, 20, 4, 2017, 10),
(869, 20, 4, 2017, 9),
(868, 20, 4, 2017, 8),
(867, 20, 4, 2017, 7),
(866, 20, 4, 2017, 6),
(865, 20, 4, 2017, 5),
(864, 20, 4, 2017, 4),
(863, 20, 4, 2017, 3),
(862, 20, 4, 2017, 2),
(861, 20, 4, 2017, 1),
(860, 19, 4, 2017, 30),
(859, 19, 4, 2017, 29),
(858, 19, 4, 2017, 28),
(857, 19, 4, 2017, 26),
(856, 19, 4, 2017, 24),
(855, 19, 4, 2017, 23),
(854, 19, 4, 2017, 22),
(853, 19, 4, 2017, 21),
(852, 19, 4, 2017, 20),
(851, 19, 4, 2017, 19),
(850, 19, 4, 2017, 18),
(849, 19, 4, 2017, 16),
(848, 19, 4, 2017, 15),
(847, 19, 4, 2017, 14),
(846, 19, 4, 2017, 13),
(845, 19, 4, 2017, 12),
(844, 19, 4, 2017, 11),
(843, 19, 4, 2017, 10),
(842, 19, 4, 2017, 8),
(841, 19, 4, 2017, 7),
(840, 19, 4, 2017, 6),
(839, 19, 4, 2017, 5),
(838, 19, 4, 2017, 4),
(837, 19, 4, 2017, 3),
(836, 19, 4, 2017, 2),
(835, 19, 4, 2017, 1),
(834, 18, 4, 2017, 30),
(833, 18, 4, 2017, 29),
(832, 18, 4, 2017, 28),
(831, 18, 4, 2017, 27),
(830, 18, 4, 2017, 26),
(829, 18, 4, 2017, 25),
(828, 18, 4, 2017, 24),
(827, 18, 4, 2017, 23),
(826, 18, 4, 2017, 22),
(825, 18, 4, 2017, 21),
(824, 18, 4, 2017, 20),
(823, 18, 4, 2017, 19),
(822, 18, 4, 2017, 18),
(821, 18, 4, 2017, 17),
(820, 18, 4, 2017, 16),
(819, 18, 4, 2017, 15),
(818, 18, 4, 2017, 14),
(817, 18, 4, 2017, 13),
(816, 18, 4, 2017, 12),
(815, 18, 4, 2017, 11),
(814, 18, 4, 2017, 10),
(813, 18, 4, 2017, 9),
(812, 18, 4, 2017, 8),
(811, 18, 4, 2017, 7),
(810, 18, 4, 2017, 6),
(809, 18, 4, 2017, 5),
(808, 18, 4, 2017, 4),
(807, 18, 4, 2017, 3),
(806, 18, 4, 2017, 2),
(805, 18, 4, 2017, 1),
(804, 17, 4, 2017, 30),
(803, 17, 4, 2017, 29),
(802, 17, 4, 2017, 28),
(801, 17, 4, 2017, 27),
(800, 17, 4, 2017, 25),
(799, 17, 4, 2017, 24),
(798, 17, 4, 2017, 23),
(797, 17, 4, 2017, 22),
(796, 17, 4, 2017, 21),
(795, 17, 4, 2017, 20),
(794, 17, 4, 2017, 19),
(793, 17, 4, 2017, 17),
(792, 17, 4, 2017, 16),
(791, 17, 4, 2017, 15),
(790, 17, 4, 2017, 14),
(789, 17, 4, 2017, 13),
(788, 17, 4, 2017, 12),
(787, 17, 4, 2017, 10),
(786, 17, 4, 2017, 9),
(785, 17, 4, 2017, 8),
(784, 17, 4, 2017, 7),
(783, 17, 4, 2017, 6),
(782, 17, 4, 2017, 5),
(781, 17, 4, 2017, 3),
(780, 17, 4, 2017, 2),
(779, 17, 4, 2017, 1),
(778, 16, 4, 2017, 30),
(777, 16, 4, 2017, 29),
(776, 16, 4, 2017, 28),
(775, 16, 4, 2017, 27),
(774, 16, 4, 2017, 26),
(773, 16, 4, 2017, 25),
(772, 16, 4, 2017, 23),
(771, 16, 4, 2017, 22),
(770, 16, 4, 2017, 21),
(769, 16, 4, 2017, 20),
(768, 16, 4, 2017, 19),
(767, 16, 4, 2017, 17),
(766, 16, 4, 2017, 16),
(765, 16, 4, 2017, 15),
(764, 16, 4, 2017, 14),
(763, 16, 4, 2017, 13),
(762, 16, 4, 2017, 12),
(761, 16, 4, 2017, 10),
(760, 16, 4, 2017, 9),
(759, 16, 4, 2017, 8),
(758, 16, 4, 2017, 6),
(757, 16, 4, 2017, 5),
(756, 16, 4, 2017, 4),
(755, 16, 4, 2017, 2),
(754, 16, 4, 2017, 1),
(753, 15, 4, 2017, 30),
(752, 15, 4, 2017, 29),
(751, 15, 4, 2017, 28),
(750, 15, 4, 2017, 27),
(749, 15, 4, 2017, 26),
(748, 15, 4, 2017, 25),
(747, 15, 4, 2017, 24),
(746, 15, 4, 2017, 23),
(745, 15, 4, 2017, 22),
(744, 15, 4, 2017, 20),
(743, 15, 4, 2017, 19),
(742, 15, 4, 2017, 18),
(741, 15, 4, 2017, 17),
(740, 15, 4, 2017, 16),
(739, 15, 4, 2017, 15),
(738, 15, 4, 2017, 14),
(737, 15, 4, 2017, 13),
(736, 15, 4, 2017, 11),
(735, 15, 4, 2017, 10),
(734, 15, 4, 2017, 9),
(733, 15, 4, 2017, 8),
(732, 15, 4, 2017, 7),
(731, 15, 4, 2017, 6),
(730, 15, 4, 2017, 5),
(729, 15, 4, 2017, 3),
(728, 15, 4, 2017, 2),
(727, 15, 4, 2017, 1),
(726, 14, 4, 2017, 30),
(725, 14, 4, 2017, 29),
(724, 14, 4, 2017, 28),
(723, 14, 4, 2017, 27),
(722, 14, 4, 2017, 26),
(721, 14, 4, 2017, 25),
(720, 14, 4, 2017, 23),
(719, 14, 4, 2017, 22),
(718, 14, 4, 2017, 21),
(717, 14, 4, 2017, 20),
(716, 14, 4, 2017, 19),
(715, 14, 4, 2017, 18),
(714, 14, 4, 2017, 17),
(713, 14, 4, 2017, 16),
(712, 14, 4, 2017, 15),
(711, 14, 4, 2017, 14),
(710, 14, 4, 2017, 12),
(709, 14, 4, 2017, 11),
(708, 14, 4, 2017, 10),
(707, 14, 4, 2017, 9),
(706, 14, 4, 2017, 8),
(705, 14, 4, 2017, 7),
(704, 14, 4, 2017, 5),
(703, 14, 4, 2017, 4),
(702, 14, 4, 2017, 3),
(701, 14, 4, 2017, 2),
(700, 14, 4, 2017, 1),
(699, 13, 4, 2017, 30),
(698, 13, 4, 2017, 29),
(697, 13, 4, 2017, 28),
(696, 13, 4, 2017, 27),
(695, 13, 4, 2017, 26),
(694, 13, 4, 2017, 24),
(693, 13, 4, 2017, 23),
(692, 13, 4, 2017, 22),
(691, 13, 4, 2017, 21),
(690, 13, 4, 2017, 20),
(689, 13, 4, 2017, 19),
(688, 13, 4, 2017, 17),
(687, 13, 4, 2017, 16),
(686, 13, 4, 2017, 15),
(685, 13, 4, 2017, 14),
(684, 13, 4, 2017, 13),
(683, 13, 4, 2017, 12),
(682, 13, 4, 2017, 11),
(681, 13, 4, 2017, 10),
(680, 13, 4, 2017, 9),
(679, 13, 4, 2017, 7),
(678, 13, 4, 2017, 6),
(677, 13, 4, 2017, 5),
(676, 13, 4, 2017, 4),
(675, 13, 4, 2017, 3),
(674, 13, 4, 2017, 1),
(673, 9, 4, 2017, 30),
(672, 9, 4, 2017, 29),
(671, 9, 4, 2017, 28),
(670, 9, 4, 2017, 27),
(669, 9, 4, 2017, 26),
(668, 9, 4, 2017, 25),
(667, 9, 4, 2017, 24),
(666, 9, 4, 2017, 22),
(665, 9, 4, 2017, 21),
(664, 9, 4, 2017, 20),
(663, 9, 4, 2017, 19),
(662, 9, 4, 2017, 18),
(661, 9, 4, 2017, 16),
(660, 9, 4, 2017, 15),
(659, 9, 4, 2017, 14),
(658, 9, 4, 2017, 13),
(657, 9, 4, 2017, 12),
(656, 9, 4, 2017, 11),
(655, 9, 4, 2017, 9),
(654, 9, 4, 2017, 8),
(653, 9, 4, 2017, 7),
(652, 9, 4, 2017, 6),
(651, 9, 4, 2017, 5),
(650, 9, 4, 2017, 4),
(649, 9, 4, 2017, 3),
(648, 9, 4, 2017, 2),
(647, 8, 4, 2017, 30),
(646, 8, 4, 2017, 29),
(645, 8, 4, 2017, 28),
(644, 8, 4, 2017, 27),
(643, 8, 4, 2017, 25),
(642, 8, 4, 2017, 24),
(641, 8, 4, 2017, 22),
(640, 8, 4, 2017, 21),
(639, 8, 4, 2017, 20),
(638, 8, 4, 2017, 19),
(637, 8, 4, 2017, 18),
(636, 8, 4, 2017, 17),
(635, 8, 4, 2017, 16),
(634, 8, 4, 2017, 15),
(633, 8, 4, 2017, 14),
(632, 8, 4, 2017, 11),
(631, 8, 4, 2017, 10),
(630, 8, 4, 2017, 9),
(629, 8, 4, 2017, 8),
(628, 8, 4, 2017, 7),
(627, 8, 4, 2017, 6),
(626, 8, 4, 2017, 4),
(598, 7, 4, 2017, 1),
(599, 7, 4, 2017, 2),
(600, 7, 4, 2017, 3),
(601, 7, 4, 2017, 4),
(602, 7, 4, 2017, 6),
(603, 7, 4, 2017, 7),
(604, 7, 4, 2017, 8),
(605, 7, 4, 2017, 10),
(606, 7, 4, 2017, 11),
(607, 7, 4, 2017, 12),
(608, 7, 4, 2017, 14),
(609, 7, 4, 2017, 15),
(610, 7, 4, 2017, 16),
(611, 7, 4, 2017, 17),
(612, 7, 4, 2017, 18),
(613, 7, 4, 2017, 19),
(614, 7, 4, 2017, 20),
(615, 7, 4, 2017, 21),
(616, 7, 4, 2017, 22),
(617, 7, 4, 2017, 24),
(618, 7, 4, 2017, 25),
(619, 7, 4, 2017, 26),
(620, 7, 4, 2017, 27),
(621, 7, 4, 2017, 28),
(622, 7, 4, 2017, 29),
(623, 8, 4, 2017, 1),
(624, 8, 4, 2017, 2),
(625, 8, 4, 2017, 3),
(1118, 29, 4, 2017, 8),
(1119, 29, 4, 2017, 9),
(1120, 29, 4, 2017, 10),
(1121, 29, 4, 2017, 11),
(1122, 29, 4, 2017, 12),
(1123, 29, 4, 2017, 13),
(1124, 29, 4, 2017, 15),
(1125, 29, 4, 2017, 16),
(1126, 29, 4, 2017, 17),
(1127, 29, 4, 2017, 18),
(1128, 29, 4, 2017, 19),
(1129, 29, 4, 2017, 20),
(1130, 29, 4, 2017, 21),
(1131, 29, 4, 2017, 23),
(1132, 29, 4, 2017, 24),
(1133, 29, 4, 2017, 25),
(1134, 29, 4, 2017, 26),
(1135, 29, 4, 2017, 27),
(1136, 29, 4, 2017, 28),
(1137, 29, 4, 2017, 29),
(1138, 29, 4, 2017, 30),
(1139, 31, 4, 2017, 1),
(1140, 31, 4, 2017, 2),
(1141, 31, 4, 2017, 3),
(1142, 31, 4, 2017, 4),
(1143, 31, 4, 2017, 5),
(1144, 31, 4, 2017, 6),
(1145, 31, 4, 2017, 7),
(1146, 31, 4, 2017, 9),
(1147, 31, 4, 2017, 10),
(1148, 31, 4, 2017, 11),
(1149, 31, 4, 2017, 12),
(1150, 31, 4, 2017, 13),
(1151, 31, 4, 2017, 14),
(1152, 31, 4, 2017, 15),
(1153, 31, 4, 2017, 16),
(1154, 31, 4, 2017, 17),
(1155, 31, 4, 2017, 18),
(1156, 31, 4, 2017, 19),
(1157, 31, 4, 2017, 20),
(1158, 31, 4, 2017, 22),
(1159, 31, 4, 2017, 23),
(1160, 31, 4, 2017, 24),
(1161, 31, 4, 2017, 25),
(1162, 31, 4, 2017, 26),
(1163, 31, 4, 2017, 27),
(1164, 31, 4, 2017, 28),
(1165, 31, 4, 2017, 29),
(1166, 31, 4, 2017, 30),
(1167, 32, 4, 2017, 1),
(1168, 32, 4, 2017, 2),
(1169, 32, 4, 2017, 3),
(1170, 32, 4, 2017, 4),
(1171, 32, 4, 2017, 5),
(1172, 32, 4, 2017, 6),
(1173, 32, 4, 2017, 7),
(1174, 32, 4, 2017, 8),
(1175, 32, 4, 2017, 9),
(1176, 32, 4, 2017, 10),
(1177, 32, 4, 2017, 11),
(1178, 32, 4, 2017, 12),
(1179, 32, 4, 2017, 13),
(1180, 32, 4, 2017, 14),
(1181, 32, 4, 2017, 15),
(1182, 32, 4, 2017, 16),
(1183, 32, 4, 2017, 17),
(1184, 32, 4, 2017, 18),
(1185, 32, 4, 2017, 19),
(1186, 32, 4, 2017, 20),
(1187, 32, 4, 2017, 21),
(1188, 32, 4, 2017, 23),
(1189, 32, 4, 2017, 24),
(1190, 32, 4, 2017, 25),
(1191, 32, 4, 2017, 26),
(1192, 32, 4, 2017, 27),
(1193, 32, 4, 2017, 28),
(1194, 32, 4, 2017, 29),
(1195, 32, 4, 2017, 30),
(1196, 7, 3, 2017, 1),
(1197, 7, 3, 2017, 2),
(1198, 7, 3, 2017, 3),
(1199, 7, 3, 2017, 5),
(1200, 7, 3, 2017, 6),
(1201, 7, 3, 2017, 7),
(1202, 7, 3, 2017, 10),
(1203, 7, 3, 2017, 11),
(1204, 7, 3, 2017, 13),
(1205, 7, 3, 2017, 15),
(1206, 7, 3, 2017, 17),
(1207, 7, 3, 2017, 18),
(1208, 7, 3, 2017, 19),
(1209, 7, 3, 2017, 20),
(1210, 7, 3, 2017, 21),
(1211, 7, 3, 2017, 22),
(1212, 7, 3, 2017, 23),
(1213, 7, 3, 2017, 24),
(1214, 7, 3, 2017, 25),
(1215, 7, 3, 2017, 26),
(1216, 7, 3, 2017, 27),
(1217, 7, 3, 2017, 28),
(1218, 7, 3, 2017, 29),
(1219, 7, 3, 2017, 30),
(1220, 8, 3, 2017, 1),
(1221, 8, 3, 2017, 2),
(1222, 8, 3, 2017, 3),
(1223, 8, 3, 2017, 4),
(1224, 8, 3, 2017, 5),
(1225, 8, 3, 2017, 6),
(1226, 8, 3, 2017, 8),
(1227, 8, 3, 2017, 10),
(1228, 8, 3, 2017, 12),
(1229, 8, 3, 2017, 13),
(1230, 8, 3, 2017, 14),
(1231, 8, 3, 2017, 15),
(1232, 8, 3, 2017, 16),
(1233, 8, 3, 2017, 17),
(1234, 8, 3, 2017, 18),
(1235, 8, 3, 2017, 19),
(1236, 8, 3, 2017, 20),
(1237, 8, 3, 2017, 21),
(1238, 8, 3, 2017, 22),
(1239, 8, 3, 2017, 23),
(1240, 8, 3, 2017, 24),
(1241, 8, 3, 2017, 25),
(1242, 8, 3, 2017, 26),
(1243, 8, 3, 2017, 27),
(1244, 8, 3, 2017, 28),
(1245, 8, 3, 2017, 29),
(1246, 8, 3, 2017, 30);

-- --------------------------------------------------------

--
-- Table structure for table `combo`
--

CREATE TABLE `combo` (
  `id` int(11) NOT NULL,
  `name` varchar(50) COLLATE utf8_unicode_ci NOT NULL,
  `image` varchar(255) COLLATE utf8_unicode_ci NOT NULL,
  `content` varchar(255) COLLATE utf8_unicode_ci NOT NULL,
  `price` int(11) NOT NULL
) ENGINE=MyISAM DEFAULT CHARSET=utf8 COLLATE=utf8_unicode_ci;

--
-- Dumping data for table `combo`
--

INSERT INTO `combo` (`id`, `name`, `image`, `content`, `price`) VALUES
(3, 'Combo 1', 'g2.jpg', 'Bnh cun tht + Bn tht vin + Canh rau c + Ch cun nng', 200000),
(4, 'Combo 2', 'uck1411752195.jpg', 'Bnh tht ln nng + Chn gi luc + Nghiu hp ngt + Ch cun nng + Sushi + Salad hi sn', 200000),
(5, 'Combo 3', 'top_photo04l.jpg', 'Ch tm + Salad rong bin ti + Bn tht vin + Nem cun tng + Si co hp + Kem da', 200000);

-- --------------------------------------------------------

--
-- Table structure for table `combo_dinings`
--

CREATE TABLE `combo_dinings` (
  `id` int(11) NOT NULL,
  `name` varchar(200) COLLATE utf8_unicode_ci NOT NULL,
  `type` varchar(200) COLLATE utf8_unicode_ci NOT NULL,
  `seat_table` int(11) NOT NULL,
  `seat_dining` int(11) NOT NULL
) ENGINE=MyISAM DEFAULT CHARSET=utf8 COLLATE=utf8_unicode_ci;

--
-- Dumping data for table `combo_dinings`
--

INSERT INTO `combo_dinings` (`id`, `name`, `type`, `seat_table`, `seat_dining`) VALUES
(1, 'Khu Sn Vn', '1', 4, 12),
(2, 'Khu i Snh', '2', 10, 12),
(3, 'Khu VIP', '3', 15, 6);

-- --------------------------------------------------------

--
-- Table structure for table `combo_items`
--

CREATE TABLE `combo_items` (
  `id_menu` int(11) NOT NULL,
  `id_combo` int(11) NOT NULL
) ENGINE=MyISAM DEFAULT CHARSET=utf8 COLLATE=utf8_unicode_ci;

-- --------------------------------------------------------

--
-- Table structure for table `comments`
--

CREATE TABLE `comments` (
  `id_comment` int(11) NOT NULL,
  `news_id` int(11) NOT NULL,
  `author` varchar(50) COLLATE utf8_unicode_ci NOT NULL,
  `email` varchar(200) COLLATE utf8_unicode_ci NOT NULL,
  `comment` text COLLATE utf8_unicode_ci NOT NULL,
  `date` timestamp NOT NULL DEFAULT CURRENT_TIMESTAMP ON UPDATE CURRENT_TIMESTAMP
) ENGINE=MyISAM DEFAULT CHARSET=utf8 COLLATE=utf8_unicode_ci;

--
-- Dumping data for table `comments`
--

INSERT INTO `comments` (`id_comment`, `news_id`, `author`, `email`, `comment`, `date`) VALUES
(1, 4, 'sdfsdfsd', 'buitrongdungcfc@gmail.com', '12sadasd', '2017-02-21 02:53:34'),
(2, 4, 'sdfsdf', 'hoanghai@gmail.com', 'sdfsdfsd', '2017-02-21 04:49:18'),
(3, 7, 'to thi thi', 'tothithi@gmail.com', 'dasdasdasda', '2017-02-21 09:19:56');

-- --------------------------------------------------------

--
-- Table structure for table `days`
--

CREATE TABLE `days` (
  `id_days` int(11) NOT NULL,
  `name` varchar(100) COLLATE utf8_unicode_ci NOT NULL,
  `short` varchar(100) COLLATE utf8_unicode_ci NOT NULL
) ENGINE=MyISAM DEFAULT CHARSET=utf8 COLLATE=utf8_unicode_ci;

-- --------------------------------------------------------

--
-- Table structure for table `employer`
--

CREATE TABLE `employer` (
  `id_employer` int(11) NOT NULL,
  `type_employer` int(11) NOT NULL,
  `image` varchar(255) COLLATE utf8_unicode_ci NOT NULL,
  `name` varchar(255) COLLATE utf8_unicode_ci NOT NULL,
  `account` int(11) NOT NULL,
  `level` int(11) NOT NULL,
  `cmnd` bigint(20) NOT NULL,
  `birthday` date NOT NULL,
  `gender` varchar(25) COLLATE utf8_unicode_ci NOT NULL,
  `phone` bigint(11) NOT NULL,
  `email` varchar(255) COLLATE utf8_unicode_ci NOT NULL,
  `ethnic` varchar(25) COLLATE utf8_unicode_ci NOT NULL,
  `religion` varchar(25) COLLATE utf8_unicode_ci NOT NULL,
  `country` varchar(25) COLLATE utf8_unicode_ci NOT NULL,
  `diploma` varchar(25) COLLATE utf8_unicode_ci NOT NULL,
  `address` varchar(255) COLLATE utf8_unicode_ci NOT NULL
) ENGINE=MyISAM DEFAULT CHARSET=utf8 COLLATE=utf8_unicode_ci;

--
-- Dumping data for table `employer`
--

INSERT INTO `employer` (`id_employer`, `type_employer`, `image`, `name`, `account`, `level`, `cmnd`, `birthday`, `gender`, `phone`, `email`, `ethnic`, `religion`, `country`, `diploma`, `address`) VALUES
(7, 1, 'dong phuc nhan vien thu ngan 5.jpg', 'phm th hoa', 0, 4, 245786324145789, '2011-10-16', 'N', 8898898989, 'hoapham@gmail.com', 'Kinh', 'khong', 'Vit Nam', '										i hc\r\n						', '											vng tu\r\n										'),
(8, 3, 'khuyen-duong.jpg', 'Mai Ngc Bc', 0, 4, 545789678512345, '2011-10-16', 'N', 1245547445, 'ngocbac@gmail.com', 'kinh', 'khong', 'viet nam', 'i hc									', '												tp.hcm					\r\n										'),
(9, 5, 'trang50_2.jpg', 'nguyen thai hoa', 0, 4, 532124589621203, '2011-10-16', 'N', 1658742589, 'thaihoa@gmail.com', 'kinh', 'khong', 'viet nam', '										dai hoc					\r\n	', '											bn tre			\r\n										\r\n										'),
(13, 6, '12067975_1002755769781732_1958435803_n.jpg', 'Bi Minh Kha', 0, 4, 8388607, '1993-12-11', 'Nam', 1248523266, 'minhkha@gmail.com', 'kinh', 'khng', 'Vit Nam', '			i hc						', '			Thi Bnh						'),
(14, 6, '4x6.JPG', 'Phm Hu Vnh', 0, 4, 8388607, '1984-01-02', 'Nam', 1264578921, 'huuvinh@gmail.com', 'kinh', 'Pht', 'Vit Nam', '									i hc', '								Vng Tu	'),
(15, 6, 'xxxax.jpg', 'V Th Hoa', 0, 4, 8388607, '1983-02-18', 'N', 1665549865, 'thihoa@gmail.com', 'kinh', 'khng', 'Vit Nam', '									i hc', '		h ni							'),
(16, 1, 'vdfgdvsdv.jpg', 'Phm Kiu Oanh', 0, 4, 8388607, '1994-03-08', 'N', 1655982912, 'kieuoanh@gmail.com', 'kinh', 'khng', 'Vit Nam', '			i hc						', '									cn th'),
(17, 4, 'Co-nu-sinh-xinh-dep-giu-chuc-pho-chu-tich-hoi-sinh-vien--don-tim--dan-mang--0-1414379395.jpg', 'Nguyn Hoa Mai', 0, 4, 8388607, '1993-12-09', 'N', 1916511165, 'hoamai@gmail.com', 'kinh', 'khng', 'Vit Nam', '					cao ng				', '						ngh an			'),
(18, 7, 'Untitled-1_zpsdc9e0ccd.jpg', 'Hong nh Hnh', 0, 4, 8388607, '1989-02-17', 'Nam', 2147483647, 'dinhhanh@gmail.com', 'kinh', 'khong', 'Vit Nam', '		i hc							', '	long an								'),
(19, 7, '5-b6c120f128df40519b33abb98a4bf0db-1-1397910905705.jpg', 'Phan Thanh Phong', 0, 4, 8388607, '1988-10-23', 'Nam', 1919196515, 'thanhphong@gmail.com', 'kinh', 'thin cha', 'Vit Nam', '									cao ng', '		 nng							'),
(20, 7, '17001805076_0f15aa2020_b.jpg', 'V Tin Ha', 0, 4, 8388607, '1987-07-08', 'Nam', 1491114110, 'tienhoa@gmail.com', 'kinh', 'khng', 'Vit Nam', '									i hc', '	Binh Thun								'),
(21, 7, 'images.jpg', 'Chu Vn Ho', 0, 4, 8388607, '1992-01-28', 'Nam', 2147483647, 'vanhao@gmail.com', 'hoa', 'khng', 'Vit Nam', '									i hc', 'Qung Nam									'),
(22, 8, 'sdsad.jpg', 'Trn Thu H', 0, 4, 8388607, '1992-11-04', 'N', 1499613213, 'thuha@gmail.com', 'Kinh', 'Khng', 'Vit Nam', '		cao ng							', 'Thanh Ha						'),
(23, 8, '3x4.jpg', 'Ph Th Ly', 0, 4, 8388607, '1992-01-28', 'N', 1487498561, 'phithily@gmail.com', 'Kinh', 'Khng', 'Vit Nam', '									i hc', 'Bnh Thun									'),
(24, 17, 'dong-phuc-bao-ve-MP7011.jpg', 'Hunh Hong Thin', 0, 4, 8388607, '1983-08-11', 'Nam', 1548745154, 'hoangthien@gmail.com', 'Kinh', 'Khng', 'Vit Nam', 'trung cp							', 'Khnh Ha									'),
(25, 10, 'dong-phuc-bao-ve-7.jpg', 'Nguyn Vn Thip', 0, 4, 8388607, '1986-11-28', 'Nam', 2147483647, 'vanthiep@gmail.com', 'Kinh', 'Khng', 'Vit Nam', 'trung cp								', 'Bc Ninh									'),
(26, 10, 'dongphucbaove02.jpg', 'Ng Vn Ba', 0, 4, 8388607, '1990-12-27', 'Nam', 1548794515, 'vanba@gmail.com', 'kinh', 'Khng', 'Vit Nam', '									trung cap', '	ng nai								'),
(27, 10, 'Dong_phuc_bao_ve_lai_xe_nice_uniform_02.jpg', 'inh Vn Hong', 0, 4, 8388607, '1989-09-23', 'Nam', 1451548845, 'vanhoang@gmail.com', 'Kinh', 'Khng', 'Vit Nam', '		trung cp							', 'Ty Ninh									'),
(28, 10, '1474359766_tuyen-bao-ve-quan-1.jpg', 'Ng Thanh Tho', 0, 4, 8388607, '1990-05-21', 'N', 1485154894, 'thanhthao@gmail.com', 'Kinh', 'Khng', 'Vit Nam', '	trung cp								', '	Ph Yn								'),
(29, 10, 'may-dong-phuc-bao-ve-tai-hai-phong-2.jpg', 'V Hong Tun', 0, 4, 8388607, '1991-06-18', 'Nam', 2147483647, 'hoangtuan@gmail.com', 'Kinh', 'Khng', 'Vit Nam', '		trung cp							', '	tp.H Ch Minh								'),
(31, 5, '11061961_169144003421871_7805225168410477879_n.jpg', 'Nguyn Bnh Minh', 0, 4, 8388607, '1987-12-12', 'Nam', 1245796121, 'binhminh@gmail.com', ' ', 'khng', 'Vit Nam', 'i hc									', 'Gia Lai				'),
(32, 4, '12804082_812050972258702_100123704_n.jpg', 'H Th Vn', 0, 4, 8388607, '1991-08-14', 'N', 1245789632, 'vanho@gmail.com', 'kinh', 'khng', 'Vit Nam', 'i hc									', 'H Ni');

-- --------------------------------------------------------

--
-- Table structure for table `groupbookings`
--

CREATE TABLE `groupbookings` (
  `id` int(11) NOT NULL,
  `user_id` bigint(20) NOT NULL,
  `name` varchar(100) COLLATE utf8_unicode_ci NOT NULL,
  `soluong` int(11) NOT NULL,
  `time` varchar(100) COLLATE utf8_unicode_ci NOT NULL,
  `date` varchar(100) COLLATE utf8_unicode_ci NOT NULL,
  `status` int(11) NOT NULL,
  `ad_note` varchar(255) COLLATE utf8_unicode_ci NOT NULL,
  `created_at` timestamp NOT NULL DEFAULT CURRENT_TIMESTAMP ON UPDATE CURRENT_TIMESTAMP,
  `rand_number` int(20) NOT NULL
) ENGINE=MyISAM DEFAULT CHARSET=utf8 COLLATE=utf8_unicode_ci;

--
-- Dumping data for table `groupbookings`
--

INSERT INTO `groupbookings` (`id`, `user_id`, `name`, `soluong`, `time`, `date`, `status`, `ad_note`, `created_at`, `rand_number`) VALUES
(169, 9, '3', 1, '13:00', '2017-05-10', 0, '', '2017-05-09 02:28:06', 594),
(170, 6, '1', 4, '09:05', '2017-05-12', 0, '', '2017-05-09 18:30:09', 4650),
(168, 9, '1', 1, '08:00', '2017-05-12', 0, '', '2017-05-09 02:23:31', 428),
(166, 3, '1', 4, '08:00', '2017-05-08', 0, '', '2017-05-06 06:39:45', 29516),
(167, 3, '1', 1, '08:00', '2017-05-09', 0, '', '2017-05-06 07:02:58', 28565),
(171, 9, '1', 4, '08:12', '2017-05-12', 0, '', '2017-05-10 02:30:46', 21344),
(172, 3, '1', 1, '09:00', '2017-05-15', 0, '', '2017-05-13 03:05:28', 29137),
(173, 3, '1', 1, '09:10', '2017-05-26', 1, '', '2017-05-22 02:36:42', 21511),
(174, 3, '1', 1, '10:00', '2017-05-20', 0, '', '2017-05-19 13:49:07', 22618);

-- --------------------------------------------------------

--
-- Table structure for table `home`
--

CREATE TABLE `home` (
  `id` int(11) NOT NULL,
  `type` int(11) NOT NULL,
  `name` text COLLATE utf8_unicode_ci NOT NULL,
  `image` varchar(100) COLLATE utf8_unicode_ci NOT NULL,
  `content` text COLLATE utf8_unicode_ci,
  `created_at` timestamp NOT NULL DEFAULT CURRENT_TIMESTAMP ON UPDATE CURRENT_TIMESTAMP
) ENGINE=MyISAM DEFAULT CHARSET=utf8 COLLATE=utf8_unicode_ci;

--
-- Dumping data for table `home`
--

INSERT INTO `home` (`id`, `type`, `name`, `image`, `content`, `created_at`) VALUES
(20, 0, 'Cesar Chavez', 'c4.jpg', 'Nu bn thc s mun kt bn, hy i ti nh ai  v ngi n vi anh ta Ngi m cho bn  n th cng cho bn tri tim ca h.\r\n								', '2016-12-07 01:49:31'),
(2, 1, 'Nora Ephron', 'g1.jpg', 'Ti mc phi rt nhiu sai lm khi yu, hi hn gn nh tt c cc cuc tnh mnh tng tri qua. Tuy nhin, ti khng h hi tic v nhng mn n ngon i lin vi chng.', '2016-11-07 15:26:48'),
(5, 0, 'Julia Child', 'c1.jpg', 'Ngi thch n ung lun lun l nhng ngi tt nht.', '2016-11-07 15:29:57'),
(6, 0, 'Paul Prudhomme', 'c2.jpg', 'Bn khng cn 1 chic tha bc  thng thc  n ngon.', '2016-11-07 15:30:22'),
(7, 0, 'Ernestine Ulmer', 'c3.jpg', 'Ai m bit c i s ra sao. Nn l, hy n mn trng ming trc.', '2016-11-07 15:30:46'),
(8, 0, 'John Gunther', 'c4.jpg', 'Mi hnh phc trn i u xut pht t mt ba sng nhn nh.', '2016-11-07 15:31:07'),
(9, 1, 'M.F.K. Fisher', 'g7.jpg', 'Ru v pho mt sinh ra l  dnh cho nhau, cng ging nh cn au v thuc gim au, thng 6 v Mt trng, hay ngi tt v nhng hnh ng cao qu.', '2016-11-07 15:40:48'),
(10, 1, 'Orson Welles', 'g8.jpg', 'Bc s ca ti ni rng ti cn ngng t chc nhng ba n thn mt cho 4 ngi  tr khi c 3 ngi na tham d.', '2016-11-07 15:41:52'),
(12, 2, 'merry christmas 1', 'Merry-Christmas-wallpapers-2016.jpg', 'merry christmas 1', '2016-11-07 16:30:08'),
(13, 2, 'merry christmas 2', 'Free-Christmas-Pictures.jpg', 'merry christmas 2', '2016-11-07 16:31:00'),
(14, 2, 'merry christmas 3', 'maxresdefault.jpg', 'merry christmas 3', '2016-11-07 16:31:56'),
(21, 3, 'Gh thm nh hng n th lu c bit ng gi 200.000 ng', 'lau-129k-tai-confetti.jpg', '&nbsp;&nbsp;&nbsp;Cho n ma ging sinh v nm mi sp n, nhm gi li tri n n tt c khch hng, ti nh hng p dng chng trnh khuyn mi c bit ch 200.000 ng/ phn lu cho tt c khch hng, p dng t 20/12/2016 cho n ht ngy 20/01/2017. <br>\n&nbsp;&nbsp;&nbsp;C th, khch hng khi n vi nh hng s c t do la chn mt trong cc hng v lu sau: Lu c diu hng chua cay, lu kim chi hi sn, lu thi tm yum kung, lu hoa qu hi sn, lu hi sn v sa t, lu nm hi sn ch vi gi cc k u i: 200.000 ng/ phn lu (cha bao gm VAT v ph phc v). Ngoi ra, mi thc khch s c tng thm 1 ly pepsi min ph.<br>\n&nbsp;&nbsp;&nbsp;Lu l mn n c ngun gc t Mng C vi phn nc c ninh t xng hm v c ci m , ty theo s thch mi v m ngi ta ch bin thnh nhiu mn lu khc nhau. Lu c diu hng vi v chua ngt c trng, bo ngy ca c v dy mi rau thm. Lu kim chi hi sn se se cay vi nc dng m mi kim chi v ngt nc hi sn. Lu thi tm yum yum chua cay c trng hng v ca t nc cha vng vi rau thi v hi sn thm ngon. Ngoi ra cc mn lu hi sn khc u c chung thnh phn ch bin chnh l hi sn ti sng th vo nc dng c hng v c trng v n km vi rau nhng ri ln cht xu bn ti hay m ti c lm t trng g. i vi ngi Vit, nhc n lu chnh l nhc ti nhng khonh khc c xut xoa thm thung sum hp cng gia nh hay bn b hp sm sp bt bn chan nc canh lu nng hi, chua ngt, m  v ti ngon ca cc mn rau vng nhit i, ca cc mn tht hay hi sn c ch bin v p m . <br>\n&nbsp;&nbsp;&nbsp;Ngoi ra ni y cn c bit n vi nhiu tin ch hp dn nh khu vc gh massage dnh cho khch, khu tiu cnh  khch hng tha h chp nh, khu vui chi th v dnh cho tr em, ca hng mua sm v c bit l im thng thc c ph c view p nht trong sn bay - xng ng l im ch v tin khch l tng.<br>\n						\n								\n								\n								', '2016-11-14 02:37:12'),
(19, 4, 'Gii thiu nh hng', 'noithat.png', 'n vi nh hng Dng Hi qu khch s c tn hng mt khng gian mang m kin trc truyn thng nhng khng km phn hin i  sang trng. Cng vi phong cch phc v chuyn nghip nh hng s em n cho khch hng cm gic thoi mi nht.<br>\n							Nh hng : c h thng nh hng rng ln . Thit b tin nghi hin i.<br>\n							- Nh hng phc v tic ci hi , sinh nht. Cng lc nh hng c kh nng p ng nhu cu ca hng trm du khch. <br>\n							- Thc n phong ph vi cc mn n u   c cht lng , t bit ch trng cc mn n hp khu v ca khch du lch ba min Bc - Trung  Nam.   <br>\n							- i ng nhn vin phc v vi phong cch chuyn nghip. Cc u bp tay ngh cao, nhiu nm kinh nghim. H thng bn n, nh n c trang b hin i, sch s, thong mt, gip qu khch ngon ming v rt m m. <br>\n							- Nh hng c dch v t bn trc tuyn v to thc n theo yu cu  ca khch hng. Qu khch c th thanh ton trc tuyn cng nh tn hng mi s tin li ca nh hng mang li.<br>\n							- Ngoi ra qu khch cn c th ng k thnh vin ca nh hng  c th nhn c nhiu u i, cc chng trnh khuyn mi theo tng ch  m nh hng mang li. <br>', '2016-11-14 02:21:38');

-- --------------------------------------------------------

--
-- Table structure for table `introduce`
--

CREATE TABLE `introduce` (
  `id_intro` int(11) NOT NULL,
  `name` varchar(100) COLLATE utf8_unicode_ci NOT NULL,
  `description` varchar(1000) COLLATE utf8_unicode_ci NOT NULL
) ENGINE=MyISAM DEFAULT CHARSET=utf8 COLLATE=utf8_unicode_ci;

--
-- Dumping data for table `introduce`
--

INSERT INTO `introduce` (`id_intro`, `name`, `description`) VALUES
(1, 'Casual Dining', 'This dining is like a bistro/caf.'),
(2, 'Bar Service', 'Casual service for sandwiches, cakes, cheese plates, salads, alcoholic and non-alcoholic beverages. Guests can choose from a limited menu. Competitors will prepare international cocktails and serve with light snacks'),
(3, 'Fine Dining', 'This is formal dining with a four course set menu with alcoholic beverages. The service includes the waiter preparing all dishes at the table by flamb, carving or assembling. Appropriate for VIPs.'),
(4, 'Banquet Dining', 'This is a three course set menu with coffee and alcoholic beverages in a banquet format.');

-- --------------------------------------------------------

--
-- Table structure for table `menu`
--

CREATE TABLE `menu` (
  `id` int(11) NOT NULL,
  `name` varchar(100) COLLATE utf8_unicode_ci NOT NULL,
  `image` varchar(100) COLLATE utf8_unicode_ci NOT NULL,
  `content` text COLLATE utf8_unicode_ci NOT NULL,
  `price` float(8,2) NOT NULL,
  `id_type` int(11) NOT NULL
) ENGINE=MyISAM DEFAULT CHARSET=utf8 COLLATE=utf8_unicode_ci;

--
-- Dumping data for table `menu`
--

INSERT INTO `menu` (`id`, `name`, `image`, `content`, `price`, `id_type`) VALUES
(3, 'Bnh cun tht', 'bnh cun tht.jpg', '', 45000.00, 2),
(2, 'Bnh tht nng', 'bnh tht ln nng.jpg', '', 40000.00, 2),
(6, 'Bn tht vin', 'bn tht vin.jpg', '', 50000.00, 2),
(10, 'Canh rau c', 'canh rau c.jpg', '', 45000.00, 2),
(11, 'Ch cun nng', 'ch cun nng.jpg', '', 55000.00, 2),
(14, 'Chn gi luc', 'chn gi luc.jpg', '', 40000.00, 2),
(15, 'Nem cun', 'nem cun gin.jpg', '', 50000.00, 2),
(16, 'Nem cun nng', 'nem cun tng.jpg', '', 50000.00, 2),
(46, 'Nghiu hp ngt', 'nghiu hp ngt.jpg', '', 50000.00, 2),
(45, 'Si co hp', 'si co hp .jpg', '', 45000.00, 2),
(48, 'Coca', 'coca.jpg', '', 15000.00, 7),
(49, 'Tiger', 'tiger.jpg', '', 300000.00, 7),
(50, 'Pepsi', 'pepsi.jpg', '', 15000.00, 7),
(43, 'C chin', 'c chin.jpg', '', 40000.00, 2),
(52, 'Sushi', '1 Sushi -mini.JPG', '', 35000.00, 1),
(53, 'Salad hi sn', '1Salad haisan -mini.JPG', '', 25000.00, 1),
(54, 'Salad rong bin', '1 Salad rong bien tuoi -mini.JPG', '', 25000.00, 1),
(55, 'Ch tm', 'cha-tom.jpg', '', 30000.00, 1),
(56, 'Kem da', '6-mon-trang-mieng-nhat-ban-dep-den-muc-khong-no-an.jpg', '', 40000.00, 3),
(57, 'Du ty kem', '1379996911_trang-mieng-12.jpg', '', 35000.00, 3),
(58, 'Kem a', 'album5047_84263.jpg', '', 25000.00, 3),
(59, 'Da mt', 'giai-nhiet-mua-he-voi-mon-trang-1467807960-WJEB4Q.jpg', '', 25000.00, 3),
(63, 'Cafe en', 'cafe en.jpg', '', 30000.00, 7),
(64, 'DV Massage', 'Tranh-trang-tri-khong-gian-spa-massage-Amia-400-01.jpg', '', 200000.00, 9),
(65, 'DV n piano', 'organ-piano.jpg', '', 1000000.00, 9),
(66, 'DV n guitar', 'hoc-dan-guitar-va-cach-bao-ve-ngon-tay-cho-nguoi-moi-choi.jpg', '', 1000000.00, 9),
(67, 'DV Ht karaoke', 'noi-that-karaoke-dep.jpg', '', 700000.00, 9),
(68, 'Combo 1', 'g2.jpg', 'Bnh cun tht + Bn tht vin + Canh rau c + Ch cun nng', 200000.00, 10),
(69, 'Combo 2', 'uck1411752195.jpg', 'Bnh tht ln nng + Chn gi luc + Nghiu hp ngt + Ch cun nng + Sushi + Salad hi sn', 200000.00, 10),
(70, 'Combo 3', 'top_photo04l.jpg', 'Ch tm + Salad rong bin ti + Bn tht vin + Nem cun tng + Si co hp + Kem da', 200000.00, 10),
(76, 'Combo 4', 'a2.jpg', 'Si co hp + Chn gi luc + Canh rau c + Nghiu hp ngt + Ch tm', 200000.00, 10);

-- --------------------------------------------------------

--
-- Table structure for table `message`
--

CREATE TABLE `message` (
  `id` int(11) NOT NULL,
  `name` varchar(20) COLLATE utf8_unicode_ci NOT NULL,
  `phone` int(11) NOT NULL,
  `email` varchar(50) COLLATE utf8_unicode_ci NOT NULL,
  `message` text COLLATE utf8_unicode_ci NOT NULL
) ENGINE=MyISAM DEFAULT CHARSET=utf8 COLLATE=utf8_unicode_ci;

--
-- Dumping data for table `message`
--

INSERT INTO `message` (`id`, `name`, `phone`, `email`, `message`) VALUES
(3, 'phan phuoc', 1656064982, 'phanphuoc@gmail.com', 'phuc vu rat chuyen nghiep');

-- --------------------------------------------------------

--
-- Table structure for table `migrations`
--

CREATE TABLE `migrations` (
  `migration` varchar(255) COLLATE utf8_unicode_ci NOT NULL,
  `batch` int(11) NOT NULL
) ENGINE=InnoDB DEFAULT CHARSET=utf8 COLLATE=utf8_unicode_ci;

--
-- Dumping data for table `migrations`
--

INSERT INTO `migrations` (`migration`, `batch`) VALUES
('2014_10_12_000000_create_users_table', 1),
('2014_10_12_100000_create_password_resets_table', 1),
('2016_11_04_150226_create_users_table', 2),
('2016_11_04_165025_create_order_item_table', 3),
('2016_11_11_090829_create_orders_table', 4),
('2016_11_11_091435_create_order_items_table', 5),
('2016_11_16_181645_create_saraly_table', 6),
('2016_11_17_172005_create_saraly_employer_table', 6);

-- --------------------------------------------------------

--
-- Table structure for table `news`
--

CREATE TABLE `news` (
  `id` int(11) NOT NULL,
  `title` varchar(255) COLLATE utf8_unicode_ci NOT NULL,
  `alias` varchar(255) COLLATE utf8_unicode_ci NOT NULL,
  `summary` varchar(200) COLLATE utf8_unicode_ci NOT NULL,
  `image` varchar(255) COLLATE utf8_unicode_ci NOT NULL,
  `created_at` timestamp NULL DEFAULT CURRENT_TIMESTAMP ON UPDATE CURRENT_TIMESTAMP,
  `content` text COLLATE utf8_unicode_ci NOT NULL,
  `tag` text COLLATE utf8_unicode_ci NOT NULL,
  `count_view` int(11) NOT NULL,
  `high_light` tinyint(1) DEFAULT NULL,
  `show_hide` tinyint(1) DEFAULT NULL,
  `idea` tinyint(1) DEFAULT NULL,
  `admin_id` int(11) NOT NULL,
  `type_id` int(11) NOT NULL
) ENGINE=MyISAM DEFAULT CHARSET=utf8 COLLATE=utf8_unicode_ci;

--
-- Dumping data for table `news`
--

INSERT INTO `news` (`id`, `title`, `alias`, `summary`, `image`, `created_at`, `content`, `tag`, `count_view`, `high_light`, `show_hide`, `idea`, `admin_id`, `type_id`) VALUES
(17, '				ddadadad					', 'dadadadad', '<p>fdafadfadfadfdaf</p>\r\n', '15456_chelsea-barclays-premier-league-winners-2015-cap---royal_05_s.jpg', '2017-05-16 09:59:57', '<p>eteytujtyid</p>\r\n', '									', 0, NULL, 1, NULL, 0, 0);

-- --------------------------------------------------------

--
-- Table structure for table `orders`
--

CREATE TABLE `orders` (
  `id` int(10) UNSIGNED NOT NULL,
  `order_no` varchar(255) COLLATE utf8_unicode_ci NOT NULL,
  `note` varchar(255) COLLATE utf8_unicode_ci NOT NULL,
  `ad_note` varchar(255) COLLATE utf8_unicode_ci NOT NULL,
  `status` int(11) NOT NULL,
  `user_id` int(11) NOT NULL,
  `created_at` timestamp NOT NULL DEFAULT CURRENT_TIMESTAMP ON UPDATE CURRENT_TIMESTAMP,
  `updated_at` timestamp NOT NULL DEFAULT '0000-00-00 00:00:00',
  `rand_number` int(20) NOT NULL
) ENGINE=InnoDB DEFAULT CHARSET=utf8 COLLATE=utf8_unicode_ci;

--
-- Dumping data for table `orders`
--

INSERT INTO `orders` (`id`, `order_no`, `note`, `ad_note`, `status`, `user_id`, `created_at`, `updated_at`, `rand_number`) VALUES
(1, '01245547445-590d6fe4e0d87', '', '', 1, 3, '2017-05-22 02:21:57', '0000-00-00 00:00:00', 29516),
(2, '01245547445-590d6fe4e0d87', 'thm mt mn trng chin', '', 0, 3, '2017-05-06 07:04:42', '0000-00-00 00:00:00', 28565),
(3, '01548465616-5911286583575', '', '', 0, 9, '2017-05-09 02:25:23', '0000-00-00 00:00:00', 428),
(4, '01245547445-59167864ba9ba', '', '', 0, 3, '2017-05-13 03:07:46', '0000-00-00 00:00:00', 29137),
(5, '01245547445-591ee8bda1823', '', '', 0, 3, '2017-05-19 13:55:42', '0000-00-00 00:00:00', 22618);

-- --------------------------------------------------------

--
-- Table structure for table `order_items`
--

CREATE TABLE `order_items` (
  `id` int(10) UNSIGNED NOT NULL,
  `order_id` int(11) NOT NULL,
  `menu_id` int(11) NOT NULL,
  `amount` int(11) NOT NULL,
  `into_money` int(11) NOT NULL,
  `created_at` timestamp NOT NULL DEFAULT CURRENT_TIMESTAMP ON UPDATE CURRENT_TIMESTAMP,
  `updated_at` timestamp NOT NULL DEFAULT '0000-00-00 00:00:00'
) ENGINE=InnoDB DEFAULT CHARSET=utf8 COLLATE=utf8_unicode_ci;

--
-- Dumping data for table `order_items`
--

INSERT INTO `order_items` (`id`, `order_id`, `menu_id`, `amount`, `into_money`, `created_at`, `updated_at`) VALUES
(1, 1, 3, 3, 0, '2017-05-06 06:41:22', '0000-00-00 00:00:00'),
(2, 1, 53, 4, 0, '2017-05-06 06:41:22', '0000-00-00 00:00:00'),
(3, 2, 2, 4, 0, '2017-05-06 07:04:42', '0000-00-00 00:00:00'),
(4, 2, 53, 1, 0, '2017-05-06 07:04:42', '0000-00-00 00:00:00'),
(5, 3, 52, 1, 0, '2017-05-09 02:25:23', '0000-00-00 00:00:00'),
(6, 3, 2, 1, 0, '2017-05-09 02:25:23', '0000-00-00 00:00:00'),
(7, 3, 68, 1, 0, '2017-05-09 02:25:23', '0000-00-00 00:00:00'),
(8, 4, 69, 1, 0, '2017-05-13 03:07:46', '0000-00-00 00:00:00'),
(9, 5, 70, 2, 0, '2017-05-19 13:55:42', '0000-00-00 00:00:00'),
(10, 5, 53, 1, 0, '2017-05-19 13:55:42', '0000-00-00 00:00:00'),
(11, 5, 49, 1, 0, '2017-05-19 13:55:42', '0000-00-00 00:00:00');

-- --------------------------------------------------------

--
-- Table structure for table `password_resets`
--

CREATE TABLE `password_resets` (
  `email` varchar(255) COLLATE utf8_unicode_ci NOT NULL,
  `token` varchar(255) COLLATE utf8_unicode_ci NOT NULL,
  `created_at` timestamp NOT NULL DEFAULT '0000-00-00 00:00:00'
) ENGINE=InnoDB DEFAULT CHARSET=utf8 COLLATE=utf8_unicode_ci;

-- --------------------------------------------------------

--
-- Table structure for table `saraly`
--

CREATE TABLE `saraly` (
  `id` int(11) NOT NULL,
  `type_employer_id` int(11) NOT NULL,
  `luong_co_ban` int(11) NOT NULL,
  `ngay_cong_chuan` int(11) NOT NULL,
  `phu_cap` int(11) NOT NULL,
  `khoan_tru` int(11) NOT NULL
) ENGINE=MyISAM DEFAULT CHARSET=utf8 COLLATE=utf8_unicode_ci;

--
-- Dumping data for table `saraly`
--

INSERT INTO `saraly` (`id`, `type_employer_id`, `luong_co_ban`, `ngay_cong_chuan`, `phu_cap`, `khoan_tru`) VALUES
(1, 1, 5000000, 26, 500000, 0),
(2, 3, 5000000, 26, 500000, 0),
(3, 4, 4000000, 26, 300000, 0),
(4, 5, 20000000, 26, 400000, 400000),
(5, 6, 15000000, 26, 500000, 0),
(6, 7, 8000000, 26, 400000, 0),
(7, 8, 4000000, 26, 400000, 0),
(8, 9, 4000000, 26, 400000, 0),
(9, 10, 5000000, 26, 400000, 0),
(10, 11, 4000000, 26, 400000, 0),
(11, 12, 12000000, 26, 500000, 0),
(12, 13, 13000000, 26, 500000, 0),
(13, 14, 5000000, 26, 800000, 0),
(14, 15, 5000000, 26, 800000, 0),
(15, 16, 4000000, 26, 800000, 0),
(16, 17, 5000000, 26, 800000, 0),
(17, 18, 5000000, 26, 800000, 0),
(18, 19, 5000000, 26, 400000, 0);

-- --------------------------------------------------------

--
-- Table structure for table `saraly_employer`
--

CREATE TABLE `saraly_employer` (
  `id` int(10) UNSIGNED NOT NULL,
  `employer_id` int(11) NOT NULL,
  `saraly_id` int(11) NOT NULL,
  `ngay_cong` int(11) NOT NULL,
  `created_at` timestamp NOT NULL DEFAULT CURRENT_TIMESTAMP ON UPDATE CURRENT_TIMESTAMP,
  `updated_at` timestamp NOT NULL DEFAULT '0000-00-00 00:00:00'
) ENGINE=InnoDB DEFAULT CHARSET=utf8 COLLATE=utf8_unicode_ci;

-- --------------------------------------------------------

--
-- Table structure for table `service`
--

CREATE TABLE `service` (
  `id_service` int(11) NOT NULL,
  `name` varchar(255) COLLATE utf8_unicode_ci NOT NULL,
  `price` int(20) NOT NULL
) ENGINE=MyISAM DEFAULT CHARSET=utf8 COLLATE=utf8_unicode_ci;

--
-- Dumping data for table `service`
--

INSERT INTO `service` (`id_service`, `name`, `price`) VALUES
(1, 'Ht karaoke & ngi chnh bi', 700000),
(5, 'n Organ & ngi nh n ', 1000000),
(4, 'Massage', 200000),
(6, 'n Piano & ngi nh n ', 1000000);

-- --------------------------------------------------------

--
-- Table structure for table `type_employer`
--

CREATE TABLE `type_employer` (
  `id_employer` int(11) NOT NULL,
  `description` varchar(255) COLLATE utf8_unicode_ci NOT NULL
) ENGINE=MyISAM DEFAULT CHARSET=utf8 COLLATE=utf8_unicode_ci;

--
-- Dumping data for table `type_employer`
--

INSERT INTO `type_employer` (`id_employer`, `description`) VALUES
(1, 'L tn'),
(3, 'Phc v'),
(4, 'Thu ngn'),
(5, 'Bp trng'),
(6, 'Qun l'),
(7, 'u bp'),
(8, 'Ph bp'),
(9, 'V sinh'),
(10, 'Bo v'),
(11, 'Tp v'),
(12, 'Tr l Qun l'),
(13, 'NV Gim st'),
(14, 'TT Phc v'),
(15, 'TT L tn'),
(16, 'TT Tp v'),
(17, 'TT Bo v'),
(18, 'TT Bar'),
(19, 'NV Bar');

-- --------------------------------------------------------

--
-- Table structure for table `type_menu`
--

CREATE TABLE `type_menu` (
  `id` int(11) NOT NULL,
  `alias` varchar(20) COLLATE utf8_unicode_ci NOT NULL,
  `name` varchar(255) COLLATE utf8_unicode_ci NOT NULL
) ENGINE=MyISAM DEFAULT CHARSET=utf8 COLLATE=utf8_unicode_ci;

--
-- Dumping data for table `type_menu`
--

INSERT INTO `type_menu` (`id`, `alias`, `name`) VALUES
(3, 'trang-mieng', 'Trng ming'),
(2, 'mon-chinh', 'Mn chnh'),
(1, 'khai-vi', 'Khai v'),
(7, 'do-uong', ' ung'),
(9, 'dich-vu', 'Dch v'),
(10, 'combo', 'Combo');

-- --------------------------------------------------------

--
-- Table structure for table `users`
--

CREATE TABLE `users` (
  `id` int(10) UNSIGNED NOT NULL,
  `name` varchar(255) COLLATE utf8_unicode_ci NOT NULL,
  `username` varchar(60) COLLATE utf8_unicode_ci NOT NULL,
  `password` varchar(60) COLLATE utf8_unicode_ci NOT NULL,
  `level` tinyint(4) NOT NULL,
  `email` varchar(255) COLLATE utf8_unicode_ci NOT NULL,
  `phone` varchar(100) COLLATE utf8_unicode_ci NOT NULL,
  `gender` varchar(11) COLLATE utf8_unicode_ci NOT NULL,
  `address` varchar(255) COLLATE utf8_unicode_ci NOT NULL,
  `remember_token` varchar(100) COLLATE utf8_unicode_ci DEFAULT NULL,
  `created_at` timestamp NOT NULL DEFAULT CURRENT_TIMESTAMP ON UPDATE CURRENT_TIMESTAMP,
  `updated_at` timestamp NOT NULL DEFAULT '0000-00-00 00:00:00',
  `employer_id` int(11) NOT NULL
) ENGINE=MyISAM DEFAULT CHARSET=utf8 COLLATE=utf8_unicode_ci;

--
-- Dumping data for table `users`
--

INSERT INTO `users` (`id`, `name`, `username`, `password`, `level`, `email`, `phone`, `gender`, `address`, `remember_token`, `created_at`, `updated_at`, `employer_id`) VALUES
(1, 'admin', 'buitrongdung', '$2y$10$2oXZygZP97RBOjeZE/Gj9uOzeNDR7eBvF8a1W.tmHruXgtWSzvZ/y', 1, 'buitrongdungcfc@gmail.com', '01656064982', 'Nam', 'thai binh			\r\n								\r\n										', 'QeDgg0yoDdkwIBxGkBHNhmpKKFMw8JHyGIWQ30QqmfpO2AEdUdYMNr9ZNjJI', '2017-05-19 14:34:03', '0000-00-00 00:00:00', 0),
(2, 'admin', 'hoanghai', '$2y$10$W8yEKrvDykjcArnLW8TKQeX.qlSPvSggnGudOnxaiAAU8EYIFZsJi', 2, 'hoanghai@gmail.com', '01547852189', 'Nam', '																						dong thap muoi						\r\n										\r\n										\r\n										\r\n										\r\n										', 'Ld5dEWnQf13U0qWo7rTHbhw9x3nEK6L6KG3rnVz5j3SHmr22uTIBpWImhL8T', '2017-05-22 04:11:04', '0000-00-00 00:00:00', 0),
(3, 'Phan Phc', 'phanphuoc', '$2y$10$Gh2yf8NpSlMYuWmPJVb86esfDEn.vo2.e/sRhr7IF.M3v6rPAt7kG', 0, 'buitrongdung0895@gmail.com', '01649461294', 'Nam', '																																																																																										dong nai\r\n								\r\n								\r\n								\r\n								\r\n								\r\n								\r\n								\r\n								\r\n								\r\n								\r\n								', 'GBHVmZwqtyfgcvUmiuVJZEpviCXTO6cIIRWegIjYzm04S9g1ObdaEamUNRFi', '2017-05-21 18:29:58', '0000-00-00 00:00:00', 0),
(4, 'to thi thi', 'toto', '$2y$10$Hbtk34voOqZslFnjbaUXhedfM5mVaIlF7IgDu7KKG50HqKAHeTBNa', 0, 'toto@gmail.com', '0984562158', 'N', '									binh dinh		', NULL, '0000-00-00 00:00:00', '0000-00-00 00:00:00', 0),
(6, 'V Mnh Cng', 'vumanhcuong', '$2y$10$IXF.bQRxLnSzEahwQelSQeleCxnFN90rbBakq0XQ53Y90hLqMdLoK', 0, 'manhcuong@gmail.com', '0987586215', 'Nam', '			tp.h ch minh								', '3DObqLAJH4qEJnhFnWZnoaEnovgjNIwCBsnmTwFaosPhO029FBU2R8ppUzC1', '2017-05-09 18:44:22', '0000-00-00 00:00:00', 0),
(9, 'to thi thi', 'tothithi', '$2y$10$RvarmPbP47z/ZkN5tm1sSO.FurvWY7CN3EyIkIVZFr3H/7foZi6rS', 0, 'tothithi@gmail.com', '01548465616', 'N', '									bnh nh								\r\n								\r\n								\r\n								', 'K7XB64mLy7foDF4eJzybfZGql9NXkRTJUKDtErzXICMhdbw5TrMwOMTNexn8', '2017-05-10 03:18:40', '0000-00-00 00:00:00', 0),
(10, 'admin', 'hoangtrunghieu', '$2y$10$a7zFqYLfjLK16UYaHtGA1.f34oqPO3kvx7.MsPj9vvs9ABHugJ/gm', 3, 'hoanghieu@gmail.com', '01547821584', 'Nam', 'dak lak									', '5QdTtqLmsvEddYGEXvN7d6HoAITMN9t4sXjApQ6ZhW7Dw8RquomJEdQqVjD2', '2017-05-22 04:21:59', '0000-00-00 00:00:00', 0),
(13, 'admin', 'van phat', '$2y$10$fsIhkCiiO.sYEk3DUzxXVuDaIqyUX.AZG6IL81QnHDthHqMU9gNKy', 2, 'vanphat@gmail.com', '0151487994', 'Nam', 'long an										', 'yBtHyjh4P6FPzIhtHMtBlgQB6tnc4P4zGw9UaG15FhlTgjmmgcXdq0qGAFfO', '2017-03-15 16:30:08', '0000-00-00 00:00:00', 0),
(14, '', '', '$2y$10$/3NAquoUdVhPJoXxGhPu.OPKlDs46XcHJ7fdk8PF3NqHJKU.Owbgq', 4, 'hoapham@gmail.com', '01652148789', '', '', 'YObpinfyiJeKvmJxh5vrxTiyF5nHYC0IkaS5BkjUR1synYYOAfxfV1TlCkww', '2017-05-22 03:10:28', '0000-00-00 00:00:00', 7),
(15, '', '', '$2y$10$O0XOhm7RcV1rafKfecLEOOJr1b3xIpv7gx1XR8fDdLdAAsZpD2XOy', 4, 'ngocbac@gmail.com', '01258435891', '', '', 'L5D7mbrczTbtJYsqpGaWueSBkuWK9PXhDudfKuHIN6Eqv5hvWbe5ACMHpSkW', '2017-05-06 20:06:37', '0000-00-00 00:00:00', 8),
(16, '', '', '$2y$10$/3NAquoUdVhPJoXxGhPu.OPKlDs46XcHJ7fdk8PF3NqHJKU.Owbgq', 4, 'thaihoa@gmail.com', '01423597621', '', '', '0TUbAG1GFPFduu57RsSeP8xNgaJ3JTeFbZe32anErHw3mxmMbm8hnbLCTA5M', '2017-05-06 20:27:45', '0000-00-00 00:00:00', 9),
(17, 'Nguyn Vn Pht', 'vanphat', '$2y$10$M0f2pmdg77IB4x9n.jajYeoVaeqktptF9iAwMgelzAp8XrCBT6wF.', 0, 'phat93@gmail.com', '01234567891', 'Nam', 'long an									', '0o5cDOEPMztqTpv2CfZsRHkM4hUg5ZfwCCdRrsT81SO1db9KTbGbQmlpESrj', '2017-03-18 09:05:42', '0000-00-00 00:00:00', 0),
(18, '', '', '$2y$10$d81bxN3yAFBT1Ut1UqvhHuAr13YsjIMw3269ej8Lr/eGH976JCkPW', 4, 'minhkha@gmail.com', '', '', '', NULL, '2017-05-06 20:06:37', '0000-00-00 00:00:00', 13),
(19, '', '', '$2y$10$6763uzNcGlJhm/o/Y8Jw8eJfi6LVxprW8SsMPynr5ZLhG7fBeHSM6', 4, 'huuvinh@gmail.com', '', '', '', NULL, '2017-05-06 20:02:02', '0000-00-00 00:00:00', 14),
(20, '', '', '$2y$10$XENK7cTwYctFMbKGhdo79Ozfe64l5aWBKd7BTDpZTRuxTUIzbTN9C', 4, 'thihoa@gmail.com', '', '', '', 'Pm2lBQowKiAQLYtJer6UHyNsEcfj7GGarOJpLm1n8O9s7GOragUmoviMO3Ag', '2017-05-06 20:15:44', '0000-00-00 00:00:00', 15),
(21, '', '', '$2y$10$R2TsaT0O6teihDPT3f7kOejMveGNSQPfNrKDsiWMEZrh5fSkUQu5m', 4, 'kieuoanh@gmail.com', '', '', '', 'RMSMaRHX41FuwpVKI0x75ATlt0cpGRAaWG2OKMml6NxYh31t2pjU0bTSr6cp', '2017-05-06 20:15:12', '0000-00-00 00:00:00', 16),
(22, 'Trng Tn Phong', 'truongtanphong', '$2y$10$3fAXpEnQ.n7Xtu/Hd9F8pO4nhcqazBLWae6SbSUSnqXQ3LllnaFdq', 0, 'truongtanphong@gmail.com', '04579893217', 'Nam', 'Vng Tu						', 'f9FgYtUzeWZ27aEe3S6gHyYfmCXPtQ70Ii9ov4cWY8GvlNFy4Q2kKT9Vg04d', '2017-05-14 09:57:17', '0000-00-00 00:00:00', 0),
(23, 'Phm Vn Bo', 'phamvanbao', '$2y$10$zSDojvJHk28y/zbwaW42bulqdvxm9AqeHfVo6CcfexIeM8QtUy7jG', 0, 'phamvanbao@gmail.com', '01452789623', 'Nam', 'Vng Tu\r\n							', NULL, '2017-05-14 10:01:40', '0000-00-00 00:00:00', 0);

--
-- Indexes for dumped tables
--

--
-- Indexes for table `booked_seats`
--
ALTER TABLE `booked_seats`
  ADD PRIMARY KEY (`id_booked`),
  ADD KEY `id_bookings` (`id_bookings`),
  ADD KEY `id_days` (`id_days`),
  ADD KEY `id_tables` (`id_introduce`);

--
-- Indexes for table `bookings`
--
ALTER TABLE `bookings`
  ADD PRIMARY KEY (`id_bookings`);

--
-- Indexes for table `calendar`
--
ALTER TABLE `calendar`
  ADD PRIMARY KEY (`id`);

--
-- Indexes for table `ca_lam_viec`
--
ALTER TABLE `ca_lam_viec`
  ADD PRIMARY KEY (`id`);

--
-- Indexes for table `cham_cong`
--
ALTER TABLE `cham_cong`
  ADD PRIMARY KEY (`id`),
  ADD KEY `employer_id` (`employer_id`),
  ADD KEY `employer_id_2` (`employer_id`);

--
-- Indexes for table `combo`
--
ALTER TABLE `combo`
  ADD PRIMARY KEY (`id`);

--
-- Indexes for table `combo_dinings`
--
ALTER TABLE `combo_dinings`
  ADD PRIMARY KEY (`id`);

--
-- Indexes for table `comments`
--
ALTER TABLE `comments`
  ADD PRIMARY KEY (`id_comment`);

--
-- Indexes for table `days`
--
ALTER TABLE `days`
  ADD PRIMARY KEY (`id_days`);

--
-- Indexes for table `employer`
--
ALTER TABLE `employer`
  ADD PRIMARY KEY (`id_employer`);

--
-- Indexes for table `groupbookings`
--
ALTER TABLE `groupbookings`
  ADD PRIMARY KEY (`id`);

--
-- Indexes for table `home`
--
ALTER TABLE `home`
  ADD PRIMARY KEY (`id`);

--
-- Indexes for table `introduce`
--
ALTER TABLE `introduce`
  ADD PRIMARY KEY (`id_intro`);

--
-- Indexes for table `menu`
--
ALTER TABLE `menu`
  ADD PRIMARY KEY (`id`);

--
-- Indexes for table `message`
--
ALTER TABLE `message`
  ADD PRIMARY KEY (`id`);

--
-- Indexes for table `news`
--
ALTER TABLE `news`
  ADD PRIMARY KEY (`id`);

--
-- Indexes for table `orders`
--
ALTER TABLE `orders`
  ADD PRIMARY KEY (`id`);

--
-- Indexes for table `order_items`
--
ALTER TABLE `order_items`
  ADD PRIMARY KEY (`id`);

--
-- Indexes for table `password_resets`
--
ALTER TABLE `password_resets`
  ADD KEY `password_resets_email_index` (`email`),
  ADD KEY `password_resets_token_index` (`token`);

--
-- Indexes for table `saraly`
--
ALTER TABLE `saraly`
  ADD PRIMARY KEY (`id`);

--
-- Indexes for table `saraly_employer`
--
ALTER TABLE `saraly_employer`
  ADD PRIMARY KEY (`id`);

--
-- Indexes for table `service`
--
ALTER TABLE `service`
  ADD PRIMARY KEY (`id_service`);

--
-- Indexes for table `type_employer`
--
ALTER TABLE `type_employer`
  ADD PRIMARY KEY (`id_employer`);

--
-- Indexes for table `type_menu`
--
ALTER TABLE `type_menu`
  ADD PRIMARY KEY (`id`);

--
-- Indexes for table `users`
--
ALTER TABLE `users`
  ADD PRIMARY KEY (`id`),
  ADD UNIQUE KEY `users_email_unique` (`email`);

--
-- AUTO_INCREMENT for dumped tables
--

--
-- AUTO_INCREMENT for table `bookings`
--
ALTER TABLE `bookings`
  MODIFY `id_bookings` int(11) NOT NULL AUTO_INCREMENT;
--
-- AUTO_INCREMENT for table `calendar`
--
ALTER TABLE `calendar`
  MODIFY `id` int(200) NOT NULL AUTO_INCREMENT, AUTO_INCREMENT=664;
--
-- AUTO_INCREMENT for table `ca_lam_viec`
--
ALTER TABLE `ca_lam_viec`
  MODIFY `id` int(11) NOT NULL AUTO_INCREMENT, AUTO_INCREMENT=4;
--
-- AUTO_INCREMENT for table `cham_cong`
--
ALTER TABLE `cham_cong`
  MODIFY `id` int(11) NOT NULL AUTO_INCREMENT, AUTO_INCREMENT=1247;
--
-- AUTO_INCREMENT for table `combo`
--
ALTER TABLE `combo`
  MODIFY `id` int(11) NOT NULL AUTO_INCREMENT, AUTO_INCREMENT=6;
--
-- AUTO_INCREMENT for table `combo_dinings`
--
ALTER TABLE `combo_dinings`
  MODIFY `id` int(11) NOT NULL AUTO_INCREMENT, AUTO_INCREMENT=4;
--
-- AUTO_INCREMENT for table `comments`
--
ALTER TABLE `comments`
  MODIFY `id_comment` int(11) NOT NULL AUTO_INCREMENT, AUTO_INCREMENT=4;
--
-- AUTO_INCREMENT for table `days`
--
ALTER TABLE `days`
  MODIFY `id_days` int(11) NOT NULL AUTO_INCREMENT;
--
-- AUTO_INCREMENT for table `employer`
--
ALTER TABLE `employer`
  MODIFY `id_employer` int(11) NOT NULL AUTO_INCREMENT, AUTO_INCREMENT=33;
--
-- AUTO_INCREMENT for table `groupbookings`
--
ALTER TABLE `groupbookings`
  MODIFY `id` int(11) NOT NULL AUTO_INCREMENT, AUTO_INCREMENT=175;
--
-- AUTO_INCREMENT for table `home`
--
ALTER TABLE `home`
  MODIFY `id` int(11) NOT NULL AUTO_INCREMENT, AUTO_INCREMENT=22;
--
-- AUTO_INCREMENT for table `introduce`
--
ALTER TABLE `introduce`
  MODIFY `id_intro` int(11) NOT NULL AUTO_INCREMENT, AUTO_INCREMENT=5;
--
-- AUTO_INCREMENT for table `menu`
--
ALTER TABLE `menu`
  MODIFY `id` int(11) NOT NULL AUTO_INCREMENT, AUTO_INCREMENT=84;
--
-- AUTO_INCREMENT for table `message`
--
ALTER TABLE `message`
  MODIFY `id` int(11) NOT NULL AUTO_INCREMENT, AUTO_INCREMENT=5;
--
-- AUTO_INCREMENT for table `news`
--
ALTER TABLE `news`
  MODIFY `id` int(11) NOT NULL AUTO_INCREMENT, AUTO_INCREMENT=18;
--
-- AUTO_INCREMENT for table `orders`
--
ALTER TABLE `orders`
  MODIFY `id` int(10) UNSIGNED NOT NULL AUTO_INCREMENT, AUTO_INCREMENT=6;
--
-- AUTO_INCREMENT for table `order_items`
--
ALTER TABLE `order_items`
  MODIFY `id` int(10) UNSIGNED NOT NULL AUTO_INCREMENT, AUTO_INCREMENT=12;
--
-- AUTO_INCREMENT for table `saraly`
--
ALTER TABLE `saraly`
  MODIFY `id` int(11) NOT NULL AUTO_INCREMENT, AUTO_INCREMENT=22;
--
-- AUTO_INCREMENT for table `saraly_employer`
--
ALTER TABLE `saraly_employer`
  MODIFY `id` int(10) UNSIGNED NOT NULL AUTO_INCREMENT;
--
-- AUTO_INCREMENT for table `service`
--
ALTER TABLE `service`
  MODIFY `id_service` int(11) NOT NULL AUTO_INCREMENT, AUTO_INCREMENT=7;
--
-- AUTO_INCREMENT for table `type_employer`
--
ALTER TABLE `type_employer`
  MODIFY `id_employer` int(11) NOT NULL AUTO_INCREMENT, AUTO_INCREMENT=20;
--
-- AUTO_INCREMENT for table `type_menu`
--
ALTER TABLE `type_menu`
  MODIFY `id` int(11) NOT NULL AUTO_INCREMENT, AUTO_INCREMENT=11;
--
-- AUTO_INCREMENT for table `users`
--
ALTER TABLE `users`
  MODIFY `id` int(10) UNSIGNED NOT NULL AUTO_INCREMENT, AUTO_INCREMENT=24;
/*!40101 SET CHARACTER_SET_CLIENT=@OLD_CHARACTER_SET_CLIENT */;
/*!40101 SET CHARACTER_SET_RESULTS=@OLD_CHARACTER_SET_RESULTS */;
/*!40101 SET COLLATION_CONNECTION=@OLD_COLLATION_CONNECTION */;
